Date,Open,High,Low,Close,Volume,Change
2020-01-02,2125,2130,2110,2120,1549,-0.0023529411764705577
2020-01-03,2120,2155,2120,2140,1373,0.009433962264151052
2020-01-06,2140,2145,2100,2110,7954,-0.014018691588784993
2020-01-07,2115,2680,2100,2180,1973693,0.033175355450236976
2020-01-08,2190,2245,2095,2095,348825,-0.03899082568807344
2020-01-09,2110,2175,2040,2065,143678,-0.014319809069212375
2020-01-10,2085,2085,2040,2075,33895,0.004842615012106588
2020-01-13,2080,2100,2045,2090,18367,0.0072289156626506035
2020-01-14,2095,2210,2090,2125,50635,0.01674641148325362
2020-01-15,2145,2150,2100,2130,10619,0.0023529411764706687
2020-01-16,2135,2135,2105,2125,7051,-0.0023474178403756207
2020-01-17,2130,2170,2130,2155,14063,0.014117647058823568
2020-01-20,2160,2225,2135,2190,25849,0.016241299303944245
2020-01-21,2210,2210,2170,2190,9346,0.0
2020-01-22,2185,2215,2180,2215,15075,0.011415525114155223
2020-01-23,2215,2215,2165,2185,8183,-0.013544018058690765
2020-01-28,2160,2160,2000,2095,12754,-0.041189931350114395
2020-01-29,2105,2110,2080,2090,9416,-0.0023866348448687846
2020-01-30,2095,2100,2065,2095,7575,0.0023923444976077235
2020-01-31,2100,2430,2100,2125,273340,0.014319809069212486
2020-02-03,2125,2125,2005,2065,32267,-0.028235294117647025
2020-02-04,2080,2275,2045,2140,92442,0.036319612590798966
2020-02-05,2195,2265,2145,2190,120615,0.02336448598130847
2020-02-06,2215,2260,2160,2250,26509,0.027397260273972712
2020-02-07,2270,2470,2200,2360,538410,0.04888888888888898
2020-02-10,2495,2580,2285,2340,458632,-0.008474576271186418
2020-02-11,2370,2430,2300,2420,170453,0.03418803418803429
2020-02-12,2450,2480,2300,2310,83794,-0.045454545454545414
2020-02-13,2295,2335,2230,2275,65387,-0.015151515151515138
2020-02-14,2280,2505,2200,2275,202980,0.0
2020-02-17,2275,2275,2170,2180,54811,-0.04175824175824172
2020-02-18,2180,2190,2150,2180,14388,0.0
2020-02-19,2180,2180,2110,2160,27456,-0.00917431192660545
2020-02-20,2155,2155,2050,2090,65710,-0.03240740740740744
2020-02-21,2080,2080,2060,2060,8247,-0.014354066985645897
2020-02-24,2050,2050,1980,1980,61290,-0.03883495145631066
2020-02-25,1975,2015,1925,1990,21969,0.005050505050504972
2020-02-26,1975,2065,1965,2035,13953,0.022613065326633208
2020-02-27,2040,2060,2005,2035,14047,0.0
2020-02-28,2020,2025,1940,1955,21219,-0.039312039312039304
2020-03-02,1920,1965,1910,1965,8484,0.005115089514066584
2020-03-03,1975,2020,1970,2010,14150,0.022900763358778553
2020-03-04,2010,2035,1990,2030,6640,0.00995024875621886
2020-03-05,2030,2070,2030,2045,7704,0.00738916256157629
2020-03-06,2040,2050,2010,2020,3029,-0.012224938875305624
2020-03-09,2020,2020,1945,1955,42117,-0.03217821782178221
2020-03-10,1920,1950,1910,1915,22268,-0.020460358056266004
2020-03-11,1920,1960,1890,1895,21511,-0.010443864229765065
2020-03-12,1895,1900,1790,1790,26639,-0.0554089709762533
2020-03-13,1700,1765,1545,1750,36898,-0.022346368715083775
2020-03-16,1755,1760,1615,1620,62508,-0.07428571428571429
2020-03-17,1405,1610,1405,1555,45914,-0.04012345679012341
2020-03-18,1525,1605,1450,1535,13577,-0.012861736334405127
2020-03-19,1480,1530,1230,1230,27738,-0.19869706840390877
2020-03-20,1235,1395,1210,1295,48624,0.05284552845528445
2020-03-23,1285,1285,1200,1200,26224,-0.07335907335907332
2020-03-24,1205,1325,1205,1325,35014,0.10416666666666674
2020-03-25,1355,1500,1345,1440,41879,0.08679245283018866
2020-03-26,1445,1545,1400,1520,23145,0.05555555555555558
2020-03-27,1555,1795,1555,1585,75245,0.04276315789473695
2020-03-30,1530,1590,1530,1590,9068,0.003154574132492094
2020-03-31,1620,1650,1610,1650,10056,0.037735849056603765
2020-04-01,1645,1660,1625,1625,6815,-0.015151515151515138
2020-04-02,1630,1660,1610,1660,4496,0.021538461538461506
2020-04-03,1685,1705,1650,1660,4206,0.0
2020-04-06,1665,1770,1665,1760,18912,0.06024096385542177
2020-04-07,1815,1875,1765,1795,14730,0.019886363636363535
2020-04-08,1790,1800,1760,1765,5674,-0.01671309192200554
2020-04-09,1775,1990,1775,1785,182638,0.011331444759206777
2020-04-10,1790,2095,1790,1875,254789,0.050420168067226934
2020-04-13,1890,1890,1780,1810,54877,-0.03466666666666662
2020-04-14,1815,1855,1800,1840,20866,0.016574585635359185
2020-04-16,1840,1840,1745,1770,29678,-0.03804347826086951
2020-04-17,1780,1845,1780,1830,25701,0.03389830508474567
2020-04-20,1855,1965,1810,1820,36313,-0.005464480874316946
2020-04-21,1760,1835,1720,1775,25793,-0.02472527472527475
2020-04-22,1770,1790,1720,1770,13799,-0.0028169014084507005
2020-04-23,1770,1820,1770,1790,6592,0.011299435028248483
2020-04-24,1795,1820,1770,1795,4602,0.0027932960893854997
2020-04-27,1800,1870,1800,1865,19785,0.03899721448467974
2020-04-28,1885,1910,1860,1875,12903,0.00536193029490617
2020-04-29,1880,2140,1880,1940,287903,0.03466666666666662
2020-05-04,1885,1945,1865,1905,21186,-0.01804123711340211
2020-05-06,1925,2010,1925,1995,29231,0.04724409448818889
2020-05-07,2015,2015,1965,1995,17780,0.0
2020-05-08,2000,2010,1985,1995,7380,0.0
2020-05-11,2000,2080,1995,2010,17204,0.007518796992481258
2020-05-12,2015,2040,1960,2020,30912,0.004975124378109541
2020-05-13,2015,2015,1940,2000,30810,-0.00990099009900991
2020-05-14,1995,2040,1955,1965,10602,-0.01749999999999996
2020-05-15,1975,2170,1975,2050,230799,0.04325699745547085
2020-05-18,2100,2200,2035,2050,182009,0.0
2020-05-19,2070,2085,2045,2070,42922,0.009756097560975618
2020-05-20,2050,2090,2035,2070,21506,0.0
2020-05-21,2075,2085,2050,2080,7798,0.004830917874396157
2020-05-22,2065,2100,2005,2010,31895,-0.033653846153846145
2020-05-25,1980,2070,1980,2020,16931,0.004975124378109541
2020-05-26,2015,2060,2000,2040,22556,0.00990099009900991
2020-05-27,2040,2055,2030,2050,5369,0.004901960784313708
2020-05-28,2055,2080,2020,2045,24686,-0.0024390243902439046
2020-05-29,2050,2050,2010,2045,15566,0.0
2020-06-01,2040,2065,2020,2065,17144,0.009779951100244544
2020-06-02,2065,2190,2060,2110,77000,0.021791767554479424
2020-06-03,2125,2170,2120,2130,34761,0.009478672985782088
2020-06-04,2140,2170,2080,2095,40927,-0.016431924882629123
2020-06-05,2100,2170,2090,2140,16746,0.021479713603818507
2020-06-08,2165,2165,2100,2105,30154,-0.016355140186915862
2020-06-09,2120,2150,2080,2110,40482,0.002375296912114022
2020-06-10,2105,2140,2065,2140,28351,0.014218009478673022
2020-06-11,2150,2150,2020,2045,37619,-0.04439252336448596
2020-06-12,1905,2335,1900,2035,432501,-0.004889975550122272
2020-06-15,2060,2260,1905,1910,307696,-0.061425061425061434
2020-06-16,1950,2045,1950,2015,65208,0.054973821989528826
2020-06-17,1990,2500,1965,2410,2953179,0.19602977667493793
2020-06-18,2580,3130,2545,2800,7429717,0.16182572614107893
2020-06-19,2980,3095,2215,2220,2639304,-0.20714285714285718
2020-06-22,2225,2240,2100,2115,430015,-0.04729729729729726
2020-06-23,2100,2125,2055,2060,300364,-0.026004728132387744
2020-06-24,2095,2175,2055,2080,242343,0.009708737864077666
2020-06-25,2045,2085,2020,2020,107693,-0.028846153846153855
2020-06-26,2040,2050,2005,2025,85706,0.0024752475247524774
2020-06-29,2010,2020,1975,1990,85476,-0.01728395061728394
2020-06-30,2000,2035,1980,2000,37172,0.005025125628140614
2020-07-01,2015,2175,1965,2040,345359,0.020000000000000018
2020-07-02,2060,2060,1985,2020,90635,-0.009803921568627416
2020-07-03,2020,2025,1995,2010,88253,-0.004950495049504955
2020-07-06,2000,2055,1990,2030,52705,0.00995024875621886
2020-07-07,2050,2140,2015,2030,99218,0.0
2020-07-08,2025,2065,2010,2050,60254,0.009852216748768461
2020-07-09,2055,2595,2050,2270,6057495,0.1073170731707318
2020-07-10,2210,2210,2050,2070,889000,-0.08810572687224671
2020-07-13,2105,2120,2070,2100,145895,0.01449275362318847
2020-07-14,2100,2110,2070,2095,82017,-0.0023809523809523725
2020-07-15,2110,2130,2080,2110,54791,0.007159904534606243
2020-07-16,2110,2160,2095,2125,90238,0.007109004739336511
2020-07-17,2125,2190,2120,2160,159885,0.016470588235294015
2020-07-20,2175,2180,2110,2140,94112,-0.0092592592592593
2020-07-21,2180,2515,2155,2215,1115646,0.035046728971962704
2020-07-22,2240,2315,2200,2240,257239,0.011286681715575675
2020-07-23,2240,2245,2140,2180,128508,-0.0267857142857143
2020-07-24,2180,2230,2150,2180,85909,0.0
2020-07-27,2180,2275,2180,2230,111098,0.022935779816513735
2020-07-28,2270,2285,2185,2215,171253,-0.006726457399103158
2020-07-29,2230,2250,2200,2235,89955,0.009029345372460584
2020-07-30,2245,2260,2210,2230,71662,-0.0022371364653244186
2020-07-31,2230,2235,2165,2180,90894,-0.022421524663677084
2020-08-03,2190,2215,2165,2175,42154,-0.002293577981651418
2020-08-04,2195,2290,2185,2260,200491,0.03908045977011487
2020-08-05,2375,2410,2250,2265,187242,0.0022123893805310324
2020-08-06,2300,2630,2300,2340,1034093,0.0331125827814569
2020-08-07,2355,2385,2280,2340,166204,0.0
2020-08-10,2340,2545,2320,2500,357597,0.06837606837606836
2020-08-11,2535,2610,2390,2425,248758,-0.030000000000000027
2020-08-12,2410,2435,2325,2360,263724,-0.026804123711340222
2020-08-13,2365,2380,2300,2340,162887,-0.008474576271186418
2020-08-14,2350,2365,2280,2300,212597,-0.017094017094017144
2020-08-18,2295,2295,2180,2180,155399,-0.05217391304347829
2020-08-19,2165,2215,2160,2180,86676,0.0
2020-08-20,2180,2185,2080,2105,204966,-0.0344036697247706
2020-08-21,2085,2160,2080,2110,42285,0.002375296912114022
2020-08-24,2090,2240,2075,2130,99766,0.009478672985782088
2020-08-25,2145,2180,2130,2175,62860,0.021126760563380254
2020-08-26,2165,2185,2110,2145,58283,-0.01379310344827589
2020-08-27,2145,2145,2085,2085,73729,-0.027972027972028024
2020-08-28,2090,2255,2090,2150,183212,0.031175059952038398
2020-08-31,2170,2385,2160,2265,289057,0.05348837209302326
2020-09-01,2265,2365,2225,2235,138197,-0.013245033112582738
2020-09-02,2235,2295,2225,2275,126237,0.017897091722595126
2020-09-03,2325,2350,2270,2280,108553,0.00219780219780219
2020-09-04,2200,2240,2155,2220,101654,-0.02631578947368418
2020-09-07,2225,2250,2185,2240,39305,0.009009009009008917
2020-09-08,2265,2280,2205,2225,62278,-0.006696428571428603
2020-09-09,2200,2205,2155,2190,53835,-0.01573033707865168
2020-09-10,2205,2230,2185,2200,47873,0.004566210045662045
2020-09-11,2200,2215,2180,2215,21711,0.006818181818181834
2020-09-14,2215,2285,2210,2235,61571,0.009029345372460584
2020-09-15,2255,2320,2225,2305,98756,0.031319910514541416
2020-09-16,2305,2315,2255,2255,65331,-0.021691973969631184
2020-09-17,2265,2370,2210,2240,161701,-0.006651884700665134
2020-09-18,2265,2475,2265,2365,680222,0.0558035714285714
2020-09-21,2385,2450,2290,2360,222508,-0.0021141649048626032
2020-09-22,2360,2365,2195,2235,161258,-0.052966101694915224
2020-09-23,2260,2265,2175,2230,54886,-0.0022371364653244186
2020-09-24,2195,2200,2095,2125,155989,-0.047085201793722
2020-09-25,2135,2180,2125,2155,17139,0.014117647058823568
2020-09-28,2160,2195,2130,2190,26556,0.016241299303944245
2020-09-29,2195,2250,2195,2225,23306,0.015981735159817267
2020-10-05,2215,2230,2190,2225,35529,0.0
2020-10-06,2210,2240,2200,2210,22764,-0.006741573033707815
2020-10-07,2205,2220,2170,2195,48517,-0.006787330316742057
2020-10-08,2185,2225,2165,2225,51767,0.013667425968109326
2020-10-12,2240,2240,2205,2225,24936,0.0
2020-10-13,2220,2250,2195,2225,32431,0.0
2020-10-14,2235,2235,2170,2190,21020,-0.01573033707865168
2020-10-15,2185,2255,2140,2195,67562,0.0022831050228311334
2020-10-16,2195,2295,2190,2245,156306,0.02277904328018221
2020-10-19,2245,2245,2210,2230,34612,-0.006681514476614692
2020-10-20,2210,2230,2170,2200,47866,-0.013452914798206317
2020-10-21,2200,2765,2200,2420,7271752,0.10000000000000009
2020-10-22,2370,2495,2250,2425,1410273,0.0020661157024792765
2020-10-23,2485,2485,2360,2435,322422,0.004123711340206171
2020-10-26,2445,2445,2270,2275,268985,-0.0657084188911704
2020-10-27,2235,2290,2200,2265,202170,-0.00439560439560438
2020-10-28,2280,2520,2270,2375,894719,0.04856512141280356
2020-10-29,2305,2370,2295,2335,169170,-0.01684210526315788
2020-10-30,2335,2370,2280,2280,99954,-0.023554603854389677
2020-11-02,2290,2395,2280,2350,231486,0.030701754385964897
2020-11-03,2355,2400,2310,2350,179185,0.0
2020-11-04,2375,2375,2280,2295,108695,-0.023404255319148914
2020-11-05,2310,2380,2305,2380,105017,0.03703703703703698
2020-11-06,2395,2395,2320,2340,62940,-0.01680672268907568
2020-11-09,2355,2375,2325,2370,58372,0.012820512820512775
2020-11-10,2380,2380,2315,2320,112000,-0.021097046413502074
2020-11-11,2335,2455,2330,2400,249959,0.034482758620689724
2020-11-12,2410,2430,2355,2430,109955,0.012499999999999956
2020-11-13,2490,2495,2360,2380,112538,-0.020576131687242816
2020-11-16,2380,2520,2365,2465,223002,0.03571428571428581
2020-11-17,2485,2510,2430,2455,122270,-0.0040567951318458695
2020-11-18,2455,2480,2420,2440,65753,-0.006109979633401208
2020-11-19,2430,2430,2360,2385,63382,-0.02254098360655743
2020-11-20,2370,2400,2370,2385,48566,0.0
2020-11-23,2380,2470,2375,2440,116803,0.023060796645702375
2020-11-24,2455,2475,2435,2455,54419,0.006147540983606481
2020-11-25,2480,2800,2450,2545,1135471,0.03665987780040725
2020-11-26,2535,2535,2475,2525,87813,-0.007858546168958758
2020-11-27,2530,2600,2525,2540,131825,0.005940594059405946
2020-11-30,2550,2575,2500,2500,76647,-0.015748031496062964
2020-12-01,2500,2540,2500,2510,54791,0.0040000000000000036
2020-12-02,2520,2525,2470,2495,84761,-0.005976095617529875
2020-12-03,2480,2575,2455,2575,110700,0.03206412825651306
2020-12-04,2585,2660,2535,2550,204579,-0.009708737864077666
2020-12-07,2565,2565,2495,2530,91780,-0.007843137254901933
2020-12-08,2530,2530,2480,2480,75188,-0.01976284584980237
2020-12-09,2495,2520,2485,2500,48033,0.008064516129032251
2020-12-10,2500,2510,2450,2485,64935,-0.006000000000000005
2020-12-11,2495,2495,2450,2485,55051,0.0
2020-12-14,2475,2475,2445,2450,47699,-0.014084507042253502
2020-12-15,2455,2455,2400,2440,56373,-0.004081632653061273
2020-12-16,2440,2450,2400,2440,39277,0.0
2020-12-17,2435,2445,2395,2400,46892,-0.016393442622950838
2020-12-18,2400,2410,2385,2405,30694,0.002083333333333437
2020-12-21,2410,2445,2400,2420,22489,0.006237006237006293
2020-12-22,2425,2440,2385,2385,54568,-0.01446280991735538
2020-12-23,2375,2405,2370,2400,38291,0.0062893081761006275
2020-12-24,2400,2445,2385,2440,38359,0.016666666666666607
2020-12-28,2470,2490,2400,2430,74207,-0.004098360655737654
2020-12-29,2465,2465,2380,2395,25520,-0.014403292181069949
2020-12-30,2405,2410,2365,2395,41527,0.0
2021-01-04,2395,2395,2350,2370,61112,-0.01043841336116913
2021-01-05,2320,2390,2315,2390,63992,0.00843881856540074
2021-01-06,2395,2930,2395,2555,2076685,0.06903765690376562
2021-01-07,2580,2615,2520,2615,305309,0.023483365949119372
2021-01-08,2630,2645,2565,2615,176929,0.0
2021-01-11,2615,2780,2555,2615,464008,0.0
2021-01-12,2625,2625,2530,2550,109641,-0.0248565965583174
2021-01-13,2535,2600,2535,2560,47713,0.0039215686274509665
2021-01-14,2545,2595,2530,2565,96145,0.001953125
2021-01-15,2630,2685,2535,2545,138151,-0.007797270955165692
2021-01-18,2540,2550,2485,2500,78641,-0.017681728880157177
2021-01-19,2500,2535,2480,2525,51295,0.010000000000000009
2021-01-20,2530,2540,2480,2500,43177,-0.00990099009900991
2021-01-21,2500,2535,2480,2510,57205,0.0040000000000000036
2021-01-22,2510,2515,2475,2485,34218,-0.009960159362549792
2021-01-25,2485,2720,2485,2545,172491,0.024144869215291687
2021-01-26,2550,2570,2505,2530,46762,-0.005893909626719096
2021-01-27,2515,2545,2510,2515,18129,-0.005928853754940677
2021-01-28,2480,2495,2450,2480,47468,-0.013916500994035741
2021-01-29,2485,2505,2350,2365,65733,-0.0463709677419355
2021-02-01,2370,2420,2365,2420,19622,0.023255813953488413
2021-02-02,2430,2475,2430,2465,57057,0.018595041322314154
2021-02-03,2470,2495,2450,2475,60832,0.0040567951318457585
2021-02-04,2475,2500,2410,2440,47600,-0.014141414141414121
2021-02-05,2440,2480,2440,2475,35049,0.014344262295082011
2021-02-08,2470,2540,2440,2530,112092,0.022222222222222143
2021-02-09,2555,2640,2525,2525,74770,-0.0019762845849802257
2021-02-10,2530,2630,2520,2575,176782,0.01980198019801982
2021-02-15,2580,2595,2550,2555,49521,-0.007766990291262155
2021-02-16,2590,2595,2555,2575,23995,0.007827788649706457
2021-02-17,2575,2575,2530,2565,36485,-0.003883495145631022
2021-02-18,2560,2560,2520,2535,20995,-0.011695906432748537
2021-02-19,2530,2540,2500,2530,30382,-0.0019723865877712132
2021-02-22,2525,2555,2520,2525,16964,-0.0019762845849802257
2021-02-23,2515,2520,2485,2520,14810,-0.001980198019801982
2021-02-24,2510,2510,2420,2435,57931,-0.03373015873015872
2021-02-25,2460,2480,2430,2470,20823,0.014373716632443578
2021-02-26,2440,2440,2390,2395,27365,-0.030364372469635637
2021-03-02,2430,2445,2410,2440,13481,0.018789144050104456
2021-03-03,2445,2460,2425,2460,7135,0.008196721311475308
2021-03-04,2455,2455,2430,2455,14004,-0.002032520325203291
2021-03-05,2445,2445,2395,2425,18922,-0.012219959266802416
2021-03-08,2430,2470,2420,2435,23523,0.004123711340206171
2021-03-09,2450,2540,2450,2535,72843,0.04106776180698146
2021-03-10,2545,2620,2490,2600,219938,0.02564102564102555
2021-03-11,2555,2855,2555,2725,533868,0.04807692307692313
2021-03-12,2720,2800,2655,2700,188195,-0.00917431192660545
2021-03-15,2730,2800,2695,2780,159237,0.029629629629629672
2021-03-16,2780,2805,2700,2730,112280,-0.017985611510791366
2021-03-17,2730,2730,2655,2715,78280,-0.005494505494505475
2021-03-18,2675,2750,2675,2680,61251,-0.012891344383057057
2021-03-19,2680,2680,2625,2675,44800,-0.001865671641791078
2021-03-22,2680,3420,2675,3200,5061189,0.19626168224299056
2021-03-23,3080,3235,2870,2885,1104441,-0.09843749999999996
2021-03-24,2885,3060,2860,2935,605821,0.017331022530329365
2021-03-25,2905,3050,2880,3010,299581,0.02555366269165238
2021-03-26,3100,3850,3000,3450,5318284,0.14617940199335555
2021-03-29,3460,3620,3330,3450,831698,0.0
2021-03-30,3500,3710,3385,3670,1039899,0.06376811594202891
2021-03-31,3720,4030,3570,3660,1129870,-0.0027247956403270157
2021-04-01,3735,3900,3605,3890,521520,0.06284153005464477
2021-04-02,4050,4190,3830,3870,577855,-0.005141388174807249
2021-04-05,3870,3950,3795,3875,255282,0.0012919896640826156
2021-04-06,3845,4075,3840,4005,577008,0.0335483870967741
2021-04-07,4060,5200,4050,5200,3122678,0.29837702871410743
2021-04-08,5810,5830,4925,5200,5219921,0.0
2021-04-09,5450,5500,5130,5210,1429197,0.0019230769230769162
2021-04-12,5130,5300,4925,4925,790117,-0.05470249520153547
2021-04-13,4970,4980,4240,4470,1046240,-0.09238578680203047
2021-04-14,4495,4545,4160,4545,541576,0.016778523489932917
2021-04-15,4470,4530,4380,4390,324605,-0.034103410341034146
2021-04-16,4350,4455,4230,4305,285611,-0.019362186788154934
2021-04-19,4340,4380,4155,4255,231073,-0.011614401858304313
2021-04-20,4265,5530,4265,5200,8683103,0.22209165687426546
2021-04-21,5340,5350,4630,4755,1889264,-0.0855769230769231
2021-04-22,4850,5050,4665,4695,1023089,-0.012618296529968487
2021-04-23,4605,4820,4485,4740,591054,0.009584664536741228
2021-04-26,4750,4855,4700,4730,364240,-0.002109704641350185
2021-04-27,4700,4740,4620,4690,226998,-0.008456659619450302
2021-04-28,4685,4775,4550,4595,276854,-0.02025586353944564
2021-04-29,4575,4660,4480,4565,159831,-0.006528835690968404
2021-04-30,4570,4785,4535,4775,302814,0.04600219058050392
2021-05-03,4900,4900,4650,4690,275099,-0.017801047120418856
2021-05-04,4600,4770,4560,4750,158563,0.01279317697228155
2021-05-06,4730,5200,4420,4885,416105,0.028421052631578902
2021-05-07,4895,4940,4765,4835,182872,-0.010235414534288667
2021-05-10,4840,5540,4830,5110,1751125,0.056876938986556436
2021-05-11,5030,5390,4995,5100,330827,-0.00195694716242667
2021-05-12,5070,5100,4855,4995,203377,-0.020588235294117685
2021-05-13,4900,5110,4860,5020,206586,0.005005005005005003
2021-05-14,5110,5130,4920,4970,117209,-0.009960159362549792
2021-05-17,5000,5010,4765,4940,203387,-0.006036217303822977
2021-05-18,5150,5150,4920,4930,222324,-0.002024291497975672
2021-05-20,4895,4925,4775,4810,114843,-0.024340770791075106
2021-05-21,4980,5000,4825,4860,150990,0.01039501039501034
2021-05-24,4860,4895,4775,4800,127961,-0.012345679012345734
2021-05-25,4815,4900,4740,4775,153535,-0.00520833333333337
2021-05-26,4780,4850,4760,4810,61131,0.00732984293193728
2021-05-27,4810,4885,4740,4830,109065,0.004158004158004047
2021-05-28,4830,4830,4745,4795,108262,-0.007246376811594235
2021-05-31,4770,4805,4715,4780,93523,-0.0031282586027111536
2021-06-01,4770,4890,4705,4850,141161,0.014644351464435212
2021-06-02,4875,5070,4840,5030,184580,0.03711340206185576
2021-06-03,5060,5270,4990,4990,188586,-0.007952286282306154
2021-06-04,4990,5090,4970,5060,60673,0.014028056112224352
2021-06-07,5030,5100,4985,5010,77913,-0.00988142292490124
2021-06-08,4980,5050,4950,4990,57651,-0.003992015968063867
2021-06-09,5010,5030,4900,4930,82172,-0.012024048096192397
2021-06-10,4890,4995,4755,4830,141851,-0.020283975659229236
2021-06-11,4905,4905,4770,4845,62503,0.0031055900621117516
2021-06-14,4825,4855,4775,4850,33316,0.0010319917440659854
2021-06-15,4850,5070,4810,4930,165668,0.016494845360824684
2021-06-16,4950,5100,4925,4965,87129,0.007099391480730244
2021-06-17,4955,5000,4910,4945,53883,-0.004028197381671705
2021-06-18,4910,4975,4900,4935,40238,-0.002022244691607722
2021-06-21,4920,4920,4730,4765,207361,-0.03444782168186422
2021-06-22,4760,4840,4760,4760,74439,-0.0010493179433368471
2021-06-23,4760,4795,4700,4750,85134,-0.0021008403361344463
2021-06-24,4710,4790,4700,4765,83302,0.0031578947368420263
2021-06-25,4765,4890,4750,4860,45740,0.019937040923399874
2021-06-28,4935,4935,4595,4865,99402,0.0010288065843622185
2021-06-29,4895,4895,4790,4820,43413,-0.009249743062692661
2021-06-30,4820,4820,4780,4800,39634,-0.004149377593360981
2021-07-01,4805,4845,4780,4795,39039,-0.0010416666666667185
2021-07-02,4770,4880,4770,4770,49488,-0.005213764337851923
2021-07-05,4800,4825,4760,4795,43959,0.00524109014675056
2021-07-06,4810,4850,4780,4820,44466,0.005213764337852034
2021-07-07,4815,4815,4770,4795,33599,-0.005186721991701226
2021-07-08,4790,4920,4790,4790,53655,-0.0010427528675703845
2021-07-09,4725,4760,4530,4615,60819,-0.0365344467640919
2021-07-12,4625,4710,4610,4655,19981,0.008667388949079147
2021-07-13,4655,4700,4610,4650,17519,-0.0010741138560687036
2021-07-14,4645,4655,4550,4580,28652,-0.01505376344086018
2021-07-15,4590,4610,4550,4580,26794,0.0
2021-07-16,4575,4575,4500,4535,22210,-0.009825327510917026
2021-07-19,4500,4500,4350,4435,53581,-0.022050716648291058
2021-07-20,4385,4385,4270,4335,86575,-0.022547914317925577
2021-07-21,4340,5310,4340,4570,1010486,0.05420991926182239
2021-07-22,4595,5100,4595,4915,985994,0.07549234135667393
2021-07-23,4995,5030,4825,5010,301621,0.019328585961342792
2021-07-26,5310,6220,5050,5720,6762744,0.14171656686626743
2021-07-27,5590,5660,5040,5250,1082908,-0.08216783216783219
2021-07-28,5200,5220,4830,4925,371847,-0.06190476190476191
2021-07-29,4940,4970,4780,4890,113813,-0.007106598984771617
2021-07-30,4890,4915,4740,4885,106903,-0.0010224948875255935
2021-08-02,4885,4910,4600,4725,216333,-0.032753326509723624
2021-08-03,4735,4735,4585,4685,75549,-0.00846560846560851
2021-08-04,4680,4775,4600,4750,48399,0.01387406616862319
2021-08-05,4745,4755,4690,4720,24324,-0.0063157894736841635
2021-08-06,4730,4770,4665,4690,57574,-0.006355932203389814
2021-08-09,4690,4700,4605,4620,58516,-0.014925373134328401
2021-08-10,4630,4690,4560,4690,46025,0.015151515151515138
2021-08-11,4645,4670,4595,4620,35344,-0.014925373134328401
2021-08-12,4600,4725,4560,4595,63867,-0.005411255411255422
2021-08-13,4590,4590,4345,4495,103671,-0.021762785636561532
2021-08-17,4490,4500,4415,4440,44645,-0.012235817575083408
2021-08-18,4420,4500,4400,4470,50567,0.006756756756756799
2021-08-19,4395,4460,4275,4390,40779,-0.017897091722595126
2021-08-20,4395,4400,4000,4225,163068,-0.0375854214123007
2021-08-23,4185,4325,4130,4285,69860,0.014201183431952646
2021-08-24,4285,4430,4285,4415,56780,0.03033838973162184
2021-08-25,4380,4425,4345,4410,27560,-0.0011325028312570984
2021-08-26,4405,4450,4375,4435,50616,0.005668934240362855
2021-08-27,4380,4450,4355,4440,10960,0.0011273957158963732
2021-08-30,4450,4460,4415,4435,10516,-0.0011261261261261701
2021-08-31,4425,4490,4400,4485,27260,0.011273957158962844
2021-09-01,4480,4480,4430,4460,11918,-0.005574136008918651
2021-09-02,4460,4490,4400,4445,27835,-0.0033632286995515237
2021-09-03,4450,4465,4400,4440,21222,-0.0011248593925758943
2021-09-06,4400,4440,4350,4380,27968,-0.013513513513513487
2021-09-07,4380,4380,4300,4355,48746,-0.005707762557077611
2021-09-08,4350,4350,4290,4295,26673,-0.013777267508610747
2021-09-09,4275,4335,4200,4265,36243,-0.006984866123399325
2021-09-10,4270,4345,4220,4340,30960,0.017584994138335253
2021-09-13,4330,4330,4105,4270,29478,-0.016129032258064502
2021-09-14,4275,4400,4275,4330,12128,0.014051522248243575
2021-09-15,4325,4335,4270,4310,7767,-0.004618937644341847
2021-09-16,4315,4330,4260,4300,11068,-0.002320185614849146
2021-09-17,4305,4310,4290,4310,12332,0.0023255813953488857
2021-09-23,4295,4300,4235,4280,25373,-0.00696055684454755
2021-09-24,4275,4335,4250,4265,9699,-0.003504672897196248
2021-09-27,4250,4250,4200,4215,19558,-0.011723329425556872
2021-09-28,4225,4225,4000,4150,39737,-0.01542111506524313
2021-09-29,4100,4135,4060,4130,25042,-0.004819277108433773
2021-09-30,4125,4165,4100,4130,5910,0.0
2021-10-01,4110,4110,3975,4070,44609,-0.014527845036319653
2021-10-05,4050,4050,3965,4005,9512,-0.01597051597051602
2021-10-06,3975,4020,3730,3925,37191,-0.019975031210986316
2021-10-07,3950,4045,3890,4045,114670,0.030573248407643305
2021-10-08,4045,4045,3980,4035,4390,-0.0024721878862793423
2021-10-12,4030,4340,3945,4110,53130,0.018587360594795488
2021-10-13,4115,4190,4040,4185,25526,0.018248175182481674
2021-10-14,4195,4280,4170,4250,19063,0.015531660692950977
2021-10-15,4240,4315,4205,4310,22096,0.014117647058823568
2021-10-18,4310,4310,4265,4305,16093,-0.001160092807424573
2021-10-19,4310,4550,4310,4480,64681,0.04065040650406515
2021-10-20,4490,4530,4415,4530,33008,0.01116071428571419
2021-10-21,4450,4590,4450,4585,34224,0.012141280353200834
2021-10-22,4590,4615,4390,4555,32894,-0.0065430752453653485
2021-10-25,4550,4560,4460,4555,17602,0.0
2021-10-26,4560,4585,4520,4560,27396,0.001097694840834329
2021-10-27,4560,4565,4470,4510,16557,-0.010964912280701733
2021-10-28,4500,4550,4480,4530,10009,0.0044345898004434225
2021-10-29,4535,4650,4500,4540,27211,0.002207505518763808
2021-11-01,4540,4615,4465,4500,42272,-0.008810572687224627
2021-11-02,4510,4595,4475,4525,30018,0.005555555555555536
2021-11-03,4530,4530,4420,4475,23349,-0.011049723756906049
2021-11-04,4480,4485,4380,4415,38870,-0.013407821229050265
2021-11-05,4420,4425,4270,4375,21845,-0.009060022650056676
2021-11-08,4315,4585,4315,4530,29569,0.035428571428571365
2021-11-09,4525,4530,4445,4510,57803,-0.004415011037527616
2021-11-10,4510,4510,4360,4420,17120,-0.019955654101995512
2021-11-11,4400,4410,4260,4365,18599,-0.012443438914027105
2021-11-12,4370,4525,4350,4495,34368,0.02978235967926679
2021-11-15,4580,4580,4475,4560,21773,0.014460511679644128
2021-11-16,4530,4590,4515,4560,15707,0.0
2021-11-17,4580,4610,4460,4470,15638,-0.019736842105263164
2021-11-18,4495,4495,4375,4440,15528,-0.006711409395973145
2021-11-19,4440,4440,4350,4415,15331,-0.005630630630630629
2021-11-22,4415,4415,4335,4390,20381,-0.005662514156285381
2021-11-23,4385,4395,4270,4390,7453,0.0
2021-11-24,4200,4370,4200,4325,13062,-0.014806378132118492
2021-11-25,4330,4355,4235,4235,25627,-0.020809248554913284
2021-11-26,4240,4275,4120,4140,44256,-0.022432113341204207
2021-11-29,4000,4115,3995,4090,7008,-0.012077294685990392
2021-11-30,4095,4095,3935,4005,35155,-0.020782396088019572
2021-12-01,3900,4065,3880,4065,55069,0.014981273408239737
2021-12-02,4020,4200,3970,4200,21315,0.03321033210332103
2021-12-03,4185,4270,4100,4215,35968,0.0035714285714285587
2021-12-06,4210,4220,4130,4195,8533,-0.004744958481613271
2021-12-07,4200,4210,4155,4195,5040,0.0
2021-12-08,4205,4235,4185,4210,6000,0.0035756853396902155
2021-12-09,4210,4210,4170,4210,4574,0.0
2021-12-10,4210,4210,4120,4190,10546,-0.004750593824228044
2021-12-13,4195,4255,4180,4215,7794,0.005966587112171906
2021-12-14,4210,4215,4100,4170,24837,-0.010676156583629859
2021-12-15,4135,4170,4130,4135,6953,-0.008393285371702586
2021-12-16,4150,4180,4075,4150,16423,0.0036275695284160303
2021-12-17,4150,4220,4115,4210,9476,0.014457831325301207
2021-12-20,4210,4230,4150,4170,7238,-0.009501187648456089
2021-12-21,4170,4180,4070,4150,9132,-0.004796163069544335
2021-12-22,4150,4155,4060,4080,21590,-0.016867469879518038
2021-12-23,4080,4125,4065,4110,6411,0.007352941176470562
2021-12-24,4115,4180,4090,4180,18006,0.017031630170316392
2021-12-27,4180,4205,4150,4185,230844,0.0011961722488038617
2021-12-28,4185,4225,4180,4215,17079,0.007168458781362075
2021-12-29,4180,4180,3970,4075,20873,-0.033214709371293005
2021-12-30,4070,4080,4035,4070,6788,-0.0012269938650306678
2022-01-03,4065,4075,3990,3995,21157,-0.01842751842751844
2022-01-04,3990,4000,3900,3965,63295,-0.007509386733416723
2022-01-05,3970,3995,3900,3930,18129,-0.008827238335435084
2022-01-06,3890,3930,3860,3895,9996,-0.008905852417302795
2022-01-07,3900,3945,3875,3945,17662,0.012836970474968012
2022-01-10,3940,3970,3855,3970,5853,0.006337135614702172
2022-01-11,3940,3965,3895,3950,6526,-0.005037783375314908
2022-01-12,3955,3970,3940,3945,4228,-0.0012658227848101333
2022-01-13,3905,4100,3905,4045,22018,0.025348542458808687
2022-01-14,4030,4040,3980,3995,4228,-0.012360939431396822
2022-01-17,3990,4000,3925,3930,4883,-0.016270337922402955
2022-01-18,3870,3950,3850,3890,14755,-0.010178117048346036
2022-01-19,3855,3880,3815,3875,10076,-0.003856041131105381
2022-01-20,3865,3875,3800,3860,8316,-0.003870967741935516
2022-01-21,3855,3870,3800,3835,7137,-0.006476683937823857
2022-01-24,3815,3835,3675,3750,32648,-0.022164276401564487
2022-01-25,3755,3755,3535,3665,14800,-0.022666666666666613
2022-01-26,3610,3730,3610,3730,5275,0.017735334242837686
2022-01-27,3725,3730,3550,3645,10146,-0.02278820375335122
2022-01-28,3515,3650,3375,3545,99653,-0.027434842249657088
2022-02-03,3550,3655,3550,3645,15174,0.028208744710860323
2022-02-04,3630,3715,3610,3700,10413,0.015089163237311354
2022-02-07,3695,3735,3655,3725,4616,0.006756756756756799
2022-02-08,3725,3740,3690,3720,5557,-0.0013422818791946067
2022-02-09,3725,3760,3710,3750,7896,0.008064516129032251
2022-02-10,3760,3790,3735,3785,7684,0.009333333333333416
2022-02-11,3780,3785,3695,3760,4923,-0.006605019815059454
2022-02-14,3755,3755,3485,3660,21489,-0.02659574468085102
2022-02-15,3660,3660,3560,3615,4358,-0.012295081967213073
2022-02-16,3625,3725,3600,3720,11912,0.029045643153526868
2022-02-17,3715,3750,3690,3735,3764,0.0040322580645162365
2022-02-18,3695,3730,3650,3710,2607,-0.00669344042838016
2022-02-21,3700,3720,3630,3700,6374,-0.0026954177897574594
2022-02-22,3635,3660,3530,3580,15228,-0.032432432432432434
2022-02-23,3575,3585,3550,3585,9115,0.0013966480446927498
2022-02-24,3565,3580,3410,3515,19450,-0.019525801952580246
2022-02-25,3520,3560,3510,3560,3693,0.012802275960170695
2022-02-28,3560,3600,3530,3600,11147,0.011235955056179803
2022-03-02,3595,3675,3560,3675,8555,0.02083333333333326
2022-03-03,3675,3795,3655,3795,9021,0.03265306122448974
2022-03-04,3770,3800,3720,3780,3506,-0.0039525691699604515
2022-03-07,3785,3785,3650,3695,4902,-0.022486772486772444
2022-03-08,3655,3690,3605,3650,5060,-0.012178619756427644
2022-03-10,3650,3685,3610,3680,16480,0.008219178082191858
2022-03-11,3680,3745,3675,3710,4323,0.008152173913043459
2022-03-14,3710,3740,3640,3710,4345,0.0
2022-03-15,3710,3710,3630,3660,4490,-0.013477088948787075
2022-03-16,3670,3720,3635,3720,4040,0.016393442622950838
2022-03-17,3730,3785,3730,3780,17195,0.016129032258064502
2022-03-18,3780,3790,3750,3750,2984,-0.007936507936507908
2022-03-21,3760,3760,3600,3695,12575,-0.014666666666666717
2022-03-22,3700,3750,3690,3705,2547,0.0027063599458727605
2022-03-23,3740,3740,3680,3720,5064,0.004048582995951344
2022-03-24,3720,3750,3690,3745,5152,0.006720430107526987
2022-03-25,3750,3765,3725,3740,8977,-0.001335113484646211
2022-03-28,3745,3780,3730,3780,12051,0.010695187165775444
2022-03-29,3785,3845,3735,3800,12823,0.005291005291005346
2022-03-30,3805,3820,3715,3790,8136,-0.0026315789473684292
2022-03-31,3785,3830,3725,3820,6454,0.0079155672823219
2022-04-01,3805,3805,3730,3775,10665,-0.011780104712041939
2022-04-04,3765,3850,3765,3850,11505,0.019867549668874274
2022-04-05,3855,3870,3830,3870,4303,0.0051948051948051965
2022-04-06,3860,3905,3840,3860,11788,-0.0025839793281653423
2022-04-07,3855,3865,3755,3830,7207,-0.007772020725388629
2022-04-08,3835,3835,3745,3825,8244,-0.0013054830287205776
2022-04-11,3820,3850,3795,3820,3178,-0.0013071895424836555
2022-04-12,3820,3820,3690,3740,16075,-0.020942408376963373
2022-04-13,3730,3840,3730,3840,4911,0.02673796791443861
2022-04-14,3840,3870,3795,3870,6007,0.0078125
2022-04-15,3855,3875,3835,3860,4674,-0.0025839793281653423
2022-04-18,3865,3870,3845,3860,2388,0.0
2022-04-19,3865,3865,3805,3855,5350,-0.0012953367875647714
2022-04-20,3860,3870,3840,3870,6753,0.0038910505836575737
2022-04-21,3865,3920,3860,3880,13149,0.0025839793281654533
2022-04-22,3875,3885,3810,3810,8274,-0.01804123711340211
2022-04-25,3825,3830,3785,3795,9716,-0.003937007874015741
2022-04-26,3800,3850,3785,3825,3926,0.007905138339920903
2022-04-27,3800,3800,3735,3770,4241,-0.01437908496732021
2022-04-28,3770,3770,3685,3730,9394,-0.010610079575596787
2022-04-29,3735,3750,3680,3745,6751,0.004021447721179516
2022-05-02,3700,3735,3700,3725,1619,-0.005340453938584733
2022-05-03,3725,3745,3695,3695,11916,-0.008053691275167751
2022-05-04,3695,3710,3630,3630,7149,-0.017591339648173165
2022-05-06,3620,3665,3600,3650,4007,0.005509641873278293
2022-05-09,3655,3655,3600,3600,7203,-0.013698630136986356
2022-05-10,3560,3560,3500,3555,11259,-0.012499999999999956
2022-05-11,3555,3575,3535,3575,4895,0.005625879043600568
2022-05-12,3555,3560,3465,3535,7610,-0.01118881118881121
2022-05-13,3535,3575,3495,3570,5382,0.00990099009900991
2022-05-16,3565,3645,3550,3580,1074,0.0028011204481792618
2022-05-17,3575,3610,3525,3550,6174,-0.008379888268156388
2022-05-18,3550,3590,3460,3490,9281,-0.016901408450704203
2022-05-19,3480,3480,3400,3455,4860,-0.01002865329512892
2022-05-20,3350,3465,3350,3450,9305,-0.0014471780028944004
2022-05-23,3450,3460,3375,3415,7905,-0.010144927536231862
2022-05-24,3420,3420,3355,3375,6694,-0.01171303074670571
2022-05-25,3380,3395,3360,3390,4850,0.004444444444444473
2022-05-26,3395,3410,3370,3410,1245,0.005899705014749346
2022-05-27,3395,3420,3395,3410,1262,0.0
2022-05-30,3415,3420,3385,3415,1363,0.0014662756598240456
2022-05-31,3430,3435,3415,3430,26103,0.004392386530014614
2022-06-02,3430,3460,3415,3450,2765,0.005830903790087438
2022-06-03,3435,3470,3420,3420,3509,-0.008695652173912993
2022-06-07,3420,3420,3355,3375,4765,-0.013157894736842146
2022-06-08,3375,3395,3360,3375,4208,0.0
2022-06-09,3375,3375,3275,3320,3927,-0.016296296296296253
2022-06-10,3295,3295,3275,3285,3069,-0.010542168674698815
2022-06-13,3285,3300,3020,3145,17122,-0.0426179604261796
2022-06-14,3100,3190,3030,3125,44928,-0.006359300476947549
2022-06-15,3240,3240,3030,3110,24032,-0.0048000000000000265
2022-06-16,3125,3180,3090,3095,1731,-0.004823151125401881
2022-06-17,2970,3265,2930,2995,164943,-0.03231017770597733
2022-06-20,3000,3000,2835,2970,25351,-0.008347245409014992
2022-06-21,2965,3050,2945,3040,6341,0.023569023569023573
2022-06-22,3040,3045,2870,2910,14377,-0.042763157894736836
2022-06-23,2910,2920,2775,2775,17429,-0.046391752577319534
2022-06-24,2650,2930,2650,2930,26339,0.05585585585585595
2022-06-27,2925,2985,2905,2985,9402,0.018771331058020424
2022-06-28,2980,3000,2965,3000,908,0.005025125628140614
2022-06-29,2980,2980,2855,2855,4936,-0.04833333333333334
2022-06-30,2850,2945,2820,2880,9706,0.008756567425569184
2022-07-01,2880,2940,2800,2825,4438,-0.01909722222222221
2022-07-04,2815,2930,2800,2855,2035,0.010619469026548645
2022-07-05,2855,3010,2855,2945,5716,0.031523642732049106
2022-07-06,2935,2935,2855,2900,3252,-0.015280135823429575
2022-07-07,2895,2905,2870,2890,2633,-0.0034482758620689724
2022-07-08,2885,2935,2880,2880,3013,-0.0034602076124568004
2022-07-11,2890,2905,2840,2870,1695,-0.00347222222222221
2022-07-12,2875,2875,2710,2855,3066,-0.005226480836236891
2022-07-13,2850,2885,2845,2880,1424,0.008756567425569184
2022-07-14,2885,3050,2810,2810,7778,-0.02430555555555558
2022-07-15,2960,2960,2665,2845,6508,0.01245551601423478
2022-07-18,2845,2960,2845,2935,5172,0.03163444639718804
2022-07-19,2935,2935,2880,2930,2312,-0.0017035775127768327
2022-07-20,2935,3030,2935,2935,6401,0.0017064846416381396
2022-07-21,2980,2985,2940,2980,1636,0.015332197614991383
2022-07-22,3010,3010,2960,2985,1510,0.001677852348993314
2022-07-25,3010,3020,2970,2995,803,0.003350083752093891
2022-07-26,2965,3025,2965,3000,2623,0.0016694490818029983
2022-07-27,2995,3050,2945,3015,12902,0.004999999999999893
2022-07-28,2980,3050,2980,3010,2272,-0.0016583747927031434
2022-07-29,3010,3145,3005,3045,3946,0.011627906976744207
2022-08-01,3045,3050,3010,3035,1782,-0.003284072249589487
2022-08-02,3015,3080,3010,3060,2544,0.008237232289950658
2022-08-03,3055,3120,3000,3120,6349,0.019607843137254832
2022-08-04,3115,3195,3095,3170,3502,0.01602564102564097
2022-08-05,3165,3250,3110,3205,7169,0.011041009463722329
2022-08-08,3200,3205,3140,3200,2027,-0.0015600624024960652
2022-08-09,3195,3325,3170,3170,4843,-0.009375000000000022
2022-08-10,3160,3260,3135,3180,1435,0.003154574132492094
2022-08-11,3180,3245,3170,3220,1455,0.012578616352201255
2022-08-12,3200,3235,3135,3210,4251,-0.0031055900621117516
2022-08-16,3265,3265,3150,3150,5699,-0.01869158878504673
2022-08-17,3195,3195,3060,3070,17037,-0.025396825396825418
2022-08-18,3100,3110,3065,3090,752,0.006514657980456029
2022-08-19,3060,3120,3050,3065,1634,-0.008090614886731351
2022-08-22,3100,3100,2950,2950,15244,-0.037520391517128826
2022-08-23,2905,2950,2875,2915,27293,-0.011864406779661052
2022-08-24,2895,3060,2890,2950,5523,0.012006861063464935
2022-08-25,2945,3225,2945,3045,8958,0.03220338983050852
2022-08-26,3050,3095,3035,3050,1488,0.0016420361247948545
2022-08-29,3025,3025,2955,3005,1386,-0.014754098360655776
2022-08-30,2950,3065,2950,2990,13378,-0.004991680532445919
2022-08-31,2990,2990,2920,2970,5814,-0.006688963210702337
2022-09-01,3025,3025,2845,2845,7720,-0.04208754208754206
2022-09-02,2885,2935,2850,2850,1793,0.0017574692442883233
2022-09-05,2835,2855,2745,2815,7483,-0.012280701754386003
2022-09-06,2830,2910,2810,2910,4071,0.03374777975133214
2022-09-07,2850,3515,2800,2955,61915,0.015463917525773141
2022-09-08,2955,3020,2910,2990,6735,0.011844331641285955
2022-09-13,2990,3010,2945,2970,13422,-0.006688963210702337
2022-09-14,2920,2970,2870,2950,6244,-0.006734006734006703
2022-09-15,2935,2960,2905,2960,6068,0.003389830508474523
2022-09-16,2905,2965,2905,2920,1397,-0.013513513513513487
2022-09-19,2910,2925,2895,2905,6237,-0.005136986301369828
2022-09-20,2900,2920,2885,2900,406,-0.0017211703958691649
2022-09-21,2905,2905,2860,2900,988,0.0
2022-09-22,2900,2900,2810,2885,7826,-0.005172413793103403
2022-09-23,2850,2885,2770,2855,27643,-0.010398613518197597
2022-09-26,2780,2855,2675,2740,4491,-0.04028021015761818
2022-09-27,2735,2740,2665,2740,2257,0.0
2022-09-28,2735,2745,2610,2700,5555,-0.014598540145985384
2022-09-29,2690,2715,2670,2700,4242,0.0
2022-09-30,2685,2700,2630,2700,2377,0.0
2022-10-04,2700,2845,2650,2740,17126,0.014814814814814836
2022-10-05,2830,2830,2645,2740,9647,0.0
2022-10-06,2725,2740,2660,2740,13343,0.0
2022-10-07,2745,2745,2665,2730,5194,-0.0036496350364964014
2022-10-11,2680,2725,2635,2720,9305,-0.00366300366300365
2022-10-12,2665,2720,2650,2715,7485,-0.0018382352941176405
2022-10-13,2670,2715,2620,2675,6379,-0.014732965009208066
2022-10-14,2635,2700,2635,2675,1752,0.0
2022-10-17,2695,2695,2635,2675,3570,0.0
2022-10-18,2700,2740,2665,2670,1937,-0.0018691588785046953
2022-10-19,2700,2710,2640,2680,1962,0.0037453183520599342
2022-10-20,2695,2695,2525,2605,14021,-0.027985074626865725
2022-10-21,2655,2655,2550,2600,1399,-0.0019193857965451588
2022-10-24,2600,2680,2600,2600,10039,0.0
2022-10-25,2605,2605,2570,2580,528,-0.007692307692307665
2022-10-26,2550,2630,2515,2565,4329,-0.005813953488372103
2022-10-27,2530,2640,2525,2625,6488,0.023391812865497075
2022-10-28,2625,2645,2590,2610,918,-0.005714285714285672
2022-10-31,2610,2675,2560,2595,7365,-0.005747126436781658
2022-11-01,2595,2620,2580,2615,1797,0.007707129094412402
2022-11-02,2595,2650,2570,2630,5053,0.005736137667303964
2022-11-03,2630,2675,2560,2640,3005,0.0038022813688212143
2022-11-04,2580,2685,2580,2685,3016,0.017045454545454586
2022-11-07,2650,2685,2650,2680,1878,-0.0018621973929237035
2022-11-08,2680,2690,2650,2685,685,0.001865671641791078
2022-11-09,2685,2760,2650,2685,1008,0.0
2022-11-10,2685,2700,2610,2680,2108,-0.0018621973929237035
2022-11-11,2710,2785,2670,2780,10681,0.03731343283582089
2022-11-14,2765,2825,2755,2755,1715,-0.008992805755395739
2022-11-15,2750,2800,2705,2795,5317,0.014519056261343088
2022-11-16,2765,2805,2710,2790,4036,-0.0017889087656529634
2022-11-17,2790,2795,2725,2780,605,-0.0035842293906810374
2022-11-18,2770,2795,2770,2785,791,0.0017985611510791255
2022-11-21,2790,2790,2675,2760,3109,-0.008976660682226245
2022-11-22,2760,2835,2730,2815,6594,0.019927536231884035
2022-11-23,2810,2880,2790,2805,2777,-0.003552397868561319
2022-11-24,2810,2860,2795,2850,3243,0.016042780748663166
2022-11-25,2805,2890,2800,2840,2664,-0.0035087719298245723
2022-11-28,2835,2845,2750,2780,21143,-0.021126760563380254
2022-11-29,2780,2800,2735,2795,4314,0.0053956834532373765
2022-11-30,2820,2840,2760,2795,1682,0.0
2022-12-01,2895,2900,2795,2830,3617,0.012522361359570633
2022-12-02,2820,2820,2750,2755,3488,-0.026501766784452263
2022-12-05,2755,2790,2750,2780,808,0.00907441016333932
2022-12-06,2730,2830,2730,2825,4935,0.01618705035971213
2022-12-07,2820,2830,2740,2790,1350,-0.012389380530973493
2022-12-08,2795,2865,2680,2755,2101,-0.012544802867383464
2022-12-09,2760,2830,2730,2775,1818,0.007259528130671544
2022-12-12,2775,2780,2755,2760,917,-0.00540540540540535
2022-12-13,2765,2800,2750,2760,182,0.0
2022-12-14,2780,2825,2710,2760,2098,0.0
2022-12-15,2750,2790,2740,2750,6817,-0.0036231884057971175
2022-12-16,2745,2765,2700,2730,1415,-0.0072727272727273196
2022-12-19,2725,2725,2665,2695,4018,-0.012820512820512775
2022-12-20,2695,2695,2620,2660,2702,-0.012987012987012991
2022-12-21,2660,2660,2590,2645,1405,-0.005639097744360888
2022-12-22,2640,2695,2600,2670,8190,0.00945179584120992
2022-12-23,2665,2670,2560,2570,7472,-0.03745318352059923
2022-12-26,2570,2630,2550,2550,9573,-0.0077821011673151474
2022-12-27,2570,3315,2545,2575,3187620,0.009803921568627416
2022-12-28,2515,2515,2365,2380,378031,-0.07572815533980581
2022-12-29,2365,2420,2355,2365,122160,-0.006302521008403339
2023-01-02,2400,2405,2275,2335,56463,-0.012684989429175508
2023-01-03,2340,2355,2275,2335,16858,0.0
2023-01-04,2340,2375,2285,2355,6056,0.008565310492505418
2023-01-05,2360,2435,2355,2420,57219,0.027600849256900206
2023-01-06,2410,2430,2400,2420,8837,0.0
2023-01-09,2420,2475,2420,2460,14267,0.016528925619834656
2023-01-10,2480,2480,2410,2445,39062,-0.0060975609756097615
2023-01-11,2450,2460,2425,2460,15687,0.006134969325153339
2023-01-12,2460,2490,2445,2480,19868,0.008130081300812941
2023-01-13,2450,2515,2450,2505,19837,0.010080645161290258
2023-01-16,2540,2560,2480,2530,30816,0.009980039920159722
2023-01-17,2545,2545,2440,2515,12615,-0.005928853754940677
2023-01-18,2515,2515,2470,2495,12759,-0.007952286282306154
2023-01-19,2460,2570,2460,2460,25259,-0.014028056112224463
2023-01-20,2465,2570,2440,2485,22188,0.010162601626016343
2023-01-25,2495,2740,2495,2550,246378,0.026156941649899457
2023-01-26,2530,2560,2520,2545,31081,-0.0019607843137254832
2023-01-27,2560,2580,2525,2550,7578,0.0019646365422396617
2023-01-30,2550,2580,2500,2500,15551,-0.019607843137254943
2023-01-31,2500,2545,2480,2505,13190,0.0020000000000000018
2023-02-01,2510,2560,2485,2530,28674,0.009980039920159722
2023-02-02,2560,2790,2535,2670,184993,0.05533596837944654
2023-02-03,2690,2705,2580,2700,53754,0.011235955056179803
2023-02-06,2645,2710,2630,2670,23901,-0.011111111111111072
2023-02-07,2665,2720,2660,2695,40779,0.009363295880149725
2023-02-08,2690,2785,2690,2740,65212,0.016697588126159513
2023-02-09,2740,2750,2690,2690,11258,-0.018248175182481785
2023-02-10,2685,2745,2635,2650,44426,-0.014869888475836479
2023-02-13,2645,2675,2620,2675,16160,0.009433962264151052
2023-02-14,2675,2675,2640,2665,9524,-0.0037383177570093906
2023-02-15,2665,2670,2600,2620,8360,-0.016885553470919357
2023-02-16,2625,2715,2550,2680,36509,0.022900763358778553
2023-02-17,2675,2690,2650,2680,14585,0.0
2023-02-20,2685,2685,2525,2640,15592,-0.014925373134328401
2023-02-21,2650,2655,2620,2630,6655,-0.0037878787878787845
2023-02-22,2625,2625,2555,2555,4055,-0.028517110266159662
2023-02-23,2560,2620,2545,2605,5100,0.019569471624266255
2023-02-24,2600,2630,2550,2585,8862,-0.007677543186180413
2023-02-27,2585,2600,2560,2590,3338,0.0019342359767891004
2023-02-28,2585,2615,2560,2610,6384,0.007722007722007707
2023-03-02,2630,2780,2590,2630,22809,0.00766283524904221
2023-03-03,2635,2685,2555,2555,21926,-0.028517110266159662
2023-03-06,2570,2600,2555,2575,12837,0.007827788649706457
2023-03-07,2570,2620,2535,2580,9537,0.001941747572815622
2023-03-08,2575,2575,2520,2545,11869,-0.013565891472868241
2023-03-09,2550,2555,2515,2550,17183,0.0019646365422396617
2023-03-10,2545,2550,2480,2480,11020,-0.027450980392156876
2023-03-13,2465,2470,2430,2470,28569,-0.0040322580645161255
2023-03-14,2465,2470,2370,2460,7479,-0.004048582995951455
2023-03-15,2480,2480,2400,2400,9545,-0.024390243902439046
2023-03-16,2380,2460,2365,2410,12262,0.004166666666666652
2023-03-17,2420,2450,2405,2430,8541,0.008298755186721962
2023-03-20,2420,2435,2395,2415,21098,-0.006172839506172867
2023-03-21,2420,2420,2380,2395,11226,-0.008281573498964856
2023-03-22,2400,2400,2370,2400,12735,0.0020876826722338038
2023-03-23,2390,2390,2340,2350,26461,-0.02083333333333337
2023-03-24,2335,2400,2320,2345,13017,-0.0021276595744680327
2023-03-27,2335,2350,2290,2315,95140,-0.01279317697228144
2023-03-28,2320,2370,2320,2370,3501,0.023758099352051865
2023-03-29,2370,2475,2360,2435,70750,0.02742616033755274
2023-03-30,2430,2475,2400,2455,10133,0.008213552361396204
2023-03-31,2445,2500,2430,2500,53703,0.018329938900203624
2023-04-03,2495,2535,2490,2510,9136,0.0040000000000000036
2023-04-04,2505,2565,2485,2560,10487,0.019920318725099584
2023-04-05,2560,2740,2560,2740,67071,0.0703125
2023-04-06,2740,2745,2615,2690,19043,-0.018248175182481785
2023-04-07,2690,2750,2650,2730,15708,0.014869888475836479
2023-04-10,2730,2750,2620,2665,13035,-0.023809523809523836
2023-04-11,2650,2670,2600,2670,4216,0.0018761726078799779
2023-04-12,2665,2750,2625,2725,17266,0.020599250936329527
2023-04-13,2725,2750,2630,2715,18981,-0.003669724770642202
2023-04-14,2715,2750,2655,2700,8953,-0.0055248618784530246
2023-04-17,2695,2730,2650,2700,3892,0.0
2023-04-18,2700,2740,2630,2665,15818,-0.012962962962962954
2023-04-19,2640,2695,2610,2660,17309,-0.0018761726078799779
2023-04-20,2675,2685,2630,2645,6787,-0.005639097744360888
2023-04-21,2645,2690,2615,2660,4751,0.005671077504725952
2023-04-24,2655,2695,2590,2630,16327,-0.011278195488721776
2023-04-25,2615,2635,2575,2610,7282,-0.0076045627376425395
2023-04-26,2605,2605,2530,2605,4299,-0.0019157088122605526
2023-04-27,2605,2630,2550,2565,14175,-0.015355086372360827
2023-04-28,2595,2595,2570,2585,1118,0.007797270955165692
2023-05-02,2590,2620,2565,2590,16321,0.0019342359767891004
2023-05-03,2585,2615,2565,2615,27979,0.009652509652509744
2023-05-04,2610,2615,2570,2600,3407,-0.005736137667303964
2023-05-08,2600,2600,2585,2600,66647,0.0
2023-05-09,2610,2655,2590,2625,45995,0.009615384615384581
2023-05-10,2625,2640,2600,2625,15465,0.0
2023-05-11,2630,2655,2605,2635,25736,0.003809523809523707
2023-05-12,2610,2650,2610,2645,43737,0.00379506641366234
2023-05-15,2645,2650,2590,2600,36154,-0.017013232514177745
2023-05-16,2595,2630,2595,2625,28431,0.009615384615384581
2023-05-17,2605,2640,2595,2640,19004,0.005714285714285783
2023-05-18,2655,2680,2625,2665,18541,0.009469696969697017
2023-05-19,2695,2700,2645,2685,3983,0.007504690431519689
2023-05-22,2685,2685,2665,2680,2429,-0.0018621973929237035
2023-05-23,2690,2690,2665,2675,1996,-0.001865671641791078
2023-05-24,2670,2680,2645,2680,12539,0.0018691588785046953
2023-05-25,2690,2690,2630,2670,5486,-0.003731343283582045
2023-05-26,2665,2680,2640,2675,2450,0.001872659176029856
2023-05-30,2685,2730,2675,2725,19827,0.01869158878504673
2023-05-31,2715,2740,2695,2725,5512,0.0
2023-06-01,2720,2720,2690,2705,2961,-0.007339449541284404
2023-06-02,2710,2725,2695,2720,2410,0.005545286506469571
2023-06-05,2735,2885,2730,2860,40410,0.05147058823529416
2023-06-07,2900,2935,2820,2870,12113,0.0034965034965035446
2023-06-08,2870,2885,2830,2855,2436,-0.005226480836236891
2023-06-09,2860,2900,2855,2895,2374,0.014010507880910739
2023-06-12,2895,2945,2805,2870,6356,-0.008635578583765069
2023-06-13,2865,2890,2835,2840,1991,-0.010452961672473893
2023-06-14,2840,2870,2750,2785,7792,-0.01936619718309862
2023-06-15,2780,2785,2710,2730,6083,-0.019748653500897717
2023-06-16,2735,2765,2725,2760,1438,0.01098901098901095
2023-06-19,2760,2770,2665,2770,1698,0.0036231884057971175
2023-06-20,2770,2785,2695,2745,10782,-0.009025270758122761
2023-06-21,2745,2745,2700,2715,1213,-0.010928961748633892
2023-06-22,2720,2740,2700,2725,1822,0.0036832412523020164
2023-06-23,2725,2730,2600,2645,16860,-0.029357798165137616
2023-06-26,2645,2690,2645,2670,869,0.00945179584120992
2023-06-27,2670,2675,2660,2675,288,0.001872659176029856
2023-06-28,2675,2700,2670,2680,2537,0.0018691588785046953
2023-06-29,2700,2700,2645,2645,1030,-0.013059701492537323
2023-06-30,2645,2680,2640,2680,2545,0.013232514177693666
2023-07-03,2680,2710,2650,2710,2185,0.011194029850746245
2023-07-04,2730,2730,2700,2730,17117,0.007380073800737907
2023-07-05,2730,2745,2700,2720,1593,-0.00366300366300365
2023-07-06,2720,2730,2665,2715,1574,-0.0018382352941176405
2023-07-07,2715,2715,2635,2635,3718,-0.029465930018416242
2023-07-10,2635,2640,2580,2580,6998,-0.020872865275142316
2023-07-11,2585,2605,2575,2600,7753,0.007751937984496138
2023-07-12,2600,2625,2555,2610,10547,0.0038461538461538325
2023-07-13,2605,2630,2570,2605,6960,-0.0019157088122605526
2023-07-14,2610,2660,2570,2660,9399,0.02111324376199608
2023-07-17,2660,2735,2640,2700,3102,0.015037593984962516
2023-07-18,2700,2720,2665,2690,4251,-0.0037037037037036535
2023-07-19,2690,2690,2640,2665,1362,-0.009293680297397744
2023-07-20,2670,2680,2655,2670,267,0.0018761726078799779
2023-07-21,2670,2670,2630,2655,848,-0.005617977528089901
2023-07-24,2655,2655,2430,2580,15074,-0.02824858757062143
2023-07-25,2575,2605,2525,2575,5168,-0.0019379844961240345
2023-07-26,2580,2580,2485,2545,11877,-0.011650485436893177
2023-07-27,2505,2580,2505,2550,4456,0.0019646365422396617
2023-07-28,2550,2605,2525,2585,5232,0.013725490196078383
2023-07-31,2580,2650,2570,2595,2810,0.003868471953578423
2023-08-01,2595,2670,2530,2530,9926,-0.025048169556840083
2023-08-02,2550,2605,2510,2560,17015,0.011857707509881354
2023-08-03,2560,2565,2495,2560,9268,0.0
2023-08-04,2530,2595,2520,2585,5761,0.009765625
2023-08-07,2590,2590,2550,2580,8131,-0.0019342359767892114
2023-08-08,2575,2585,2555,2575,2553,-0.0019379844961240345
2023-08-09,2580,2580,2550,2550,2751,-0.009708737864077666
2023-08-10,2550,2595,2550,2595,3549,0.01764705882352935
2023-08-11,2595,2670,2595,2635,2352,0.015414258188824581
2023-08-14,2640,2655,2590,2635,1328,0.0
2023-08-16,2630,2630,2510,2600,10583,-0.013282732447817858
2023-08-17,2595,2595,2555,2570,256,-0.011538461538461497
2023-08-18,2570,2570,2540,2560,868,-0.0038910505836575737
2023-08-21,2560,2560,2520,2525,1483,-0.013671875
2023-08-22,2530,2550,2500,2535,18685,0.003960396039603964
2023-08-23,2540,2560,2495,2505,2256,-0.011834319526627168
2023-08-24,2505,2530,2495,2505,1945,0.0
2023-08-25,2505,2550,2500,2535,4701,0.011976047904191711
2023-08-28,2540,2600,2540,2585,1918,0.019723865877712132
2023-08-29,2580,2600,2570,2600,3573,0.005802707930367523
2023-08-30,2605,2640,2550,2595,1365,-0.0019230769230769162
2023-08-31,2590,2610,2545,2590,2314,-0.0019267822736031004
2023-09-01,2555,2650,2555,2585,2636,-0.0019305019305019266
2023-09-04,2590,2590,2540,2570,1044,-0.005802707930367523
2023-09-05,2565,2570,2550,2555,842,-0.005836575875486361
2023-09-06,2555,2555,2525,2535,790,-0.007827788649706457
2023-09-07,2515,2540,2500,2525,3420,-0.0039447731755424265
2023-09-08,2520,2670,2520,2540,6247,0.005940594059405946
2023-09-11,2540,2650,2540,2625,18614,0.0334645669291338
2023-09-12,2660,2660,2585,2585,2111,-0.015238095238095273
2023-09-13,2620,2670,2570,2595,2106,0.003868471953578423
2023-09-14,2590,2655,2550,2620,5008,0.009633911368015502
2023-09-15,2620,2640,2590,2620,4761,0.0
2023-09-18,2620,2695,2605,2625,1215,0.001908396946564972
2023-09-19,2650,2670,2600,2650,1227,0.00952380952380949
2023-09-20,2645,2655,2585,2630,3613,-0.007547169811320753
2023-09-21,2625,2625,2545,2545,14755,-0.03231939163498099
2023-09-22,2545,2650,2515,2540,6558,-0.0019646365422396617
2023-09-25,2540,2550,2510,2530,4314,-0.003937007874015741
2023-09-26,2525,2650,2475,2480,3185,-0.01976284584980237
2023-09-27,2495,2550,2480,2530,3654,0.02016129032258074
2023-10-04,2530,2530,2470,2495,4567,-0.013833992094861691
2023-10-05,2505,2505,2485,2490,3098,-0.002004008016032066
2023-10-06,2495,2495,2490,2495,2029,0.002008032128514081
2023-10-10,2500,2570,2400,2485,11784,-0.004008016032064132
2023-10-11,2490,2500,2485,2495,428,0.004024144869215318
2023-10-12,2500,2505,2340,2480,10258,-0.006012024048096198
2023-10-13,2480,2580,2475,2520,1629,0.016129032258064502
2023-10-16,2515,2545,2480,2515,2927,-0.001984126984126977
2023-10-17,2485,2560,2485,2520,1652,0.001988071570576455
2023-10-18,2520,2570,2520,2550,665,0.011904761904761862
2023-10-19,2545,2580,2500,2510,1697,-0.015686274509803977
2023-10-20,2510,2600,2450,2525,1247,0.005976095617529875
2023-10-23,2455,2680,2455,2570,4540,0.017821782178217838
2023-10-24,2570,2570,2445,2490,18437,-0.0311284046692607
2023-10-25,2495,2575,2480,2505,2756,0.006024096385542244
2023-10-26,2505,2615,2450,2480,3376,-0.009980039920159722
2023-10-27,2485,2525,2460,2495,1531,0.006048387096774244
2023-10-30,2495,2500,2465,2500,420,0.002004008016031955
2023-10-31,2525,2630,2495,2510,4137,0.0040000000000000036
2023-11-01,2540,2575,2515,2525,283,0.005976095617529875
2023-11-02,2520,2620,2520,2575,580,0.01980198019801982
2023-11-03,2580,2615,2545,2575,639,0.0
2023-11-06,2575,2630,2560,2565,3832,-0.003883495145631022
2023-11-07,2570,2585,2425,2480,11728,-0.033138401559454245
2023-11-08,2495,2525,2495,2520,439,0.016129032258064502
2023-11-09,2490,2590,2490,2545,1387,0.009920634920634885
2023-11-10,2540,2545,2520,2545,856,0.0
2023-11-13,2555,2605,2435,2580,2629,0.013752455795677854
2023-11-14,2575,2575,2550,2575,726,-0.0019379844961240345
2023-11-15,2580,2605,2555,2570,4092,-0.001941747572815511
2023-11-16,2575,2600,2555,2600,658,0.011673151750972721
2023-11-17,2600,2600,2550,2590,381,-0.0038461538461538325
2023-11-20,2585,2590,2450,2580,6069,-0.0038610038610038533
2023-11-21,2580,2610,2575,2600,3011,0.007751937984496138
2023-11-22,2595,2595,2555,2570,2746,-0.011538461538461497
2023-11-23,2575,2620,2565,2590,789,0.0077821011673151474
2023-11-24,2585,2590,2540,2590,8652,0.0
2023-11-27,2595,2640,2585,2610,7281,0.007722007722007707
2023-11-28,2610,2625,2600,2620,507,0.003831417624521105
2023-11-29,2620,2630,2585,2625,4748,0.001908396946564972
2023-11-30,2625,2650,2590,2630,5495,0.0019047619047618536
2023-12-01,2635,2650,2605,2625,6003,-0.0019011406844106071
2023-12-04,2625,2810,2625,2780,102577,0.059047619047619015
2023-12-05,2860,2860,2700,2725,43068,-0.01978417266187049
2023-12-06,2725,2775,2720,2775,17581,0.0183486238532109
2023-12-07,2775,2775,2710,2740,8208,-0.012612612612612595
2023-12-08,2745,2745,2675,2725,5740,-0.005474452554744547
2023-12-11,2755,2755,2580,2655,34153,-0.025688073394495414
2023-12-12,2670,2670,2625,2660,7344,0.0018832391713747842
2023-12-13,2640,2725,2630,2650,4735,-0.003759398496240629
2023-12-14,2660,2700,2645,2645,7388,-0.0018867924528301883
2023-12-15,2650,2680,2630,2665,4165,0.007561436672967936
2023-12-18,2670,2670,2605,2640,4015,-0.009380863039399667
2023-12-19,2635,2650,2630,2645,1769,0.0018939393939394478
2023-12-20,2645,2695,2645,2660,2800,0.005671077504725952
2023-12-21,2660,2665,2645,2655,1422,-0.001879699248120259
2023-12-22,2660,2665,2645,2665,11959,0.0037664783427495685
2023-12-26,2655,2675,2620,2675,9898,0.0037523452157599557
2023-12-27,2640,2640,2580,2600,6323,-0.028037383177570097
2023-12-28,2610,2615,2580,2600,12503,0.0
2024-01-02,2600,2600,2555,2590,3139,-0.0038461538461538325
2024-01-03,2580,2585,2505,2510,10690,-0.030888030888030937
2024-01-04,2520,2520,2475,2490,4509,-0.007968127490039834
2024-01-05,2495,2510,2480,2505,4492,0.006024096385542244
2024-01-08,2500,2510,2445,2445,2517,-0.0239520958083832
2024-01-09,2455,2520,2450,2485,3939,0.01635991820040905
2024-01-10,2470,2495,2450,2485,3257,0.0
2024-01-11,2490,2910,2485,2590,239536,0.04225352112676051
2024-01-12,2580,2585,2505,2525,10127,-0.025096525096525046
2024-01-15,2530,2590,2485,2525,19118,0.0
2024-01-16,2525,2550,2480,2520,8655,-0.001980198019801982
2024-01-17,2515,2515,2450,2475,24499,-0.017857142857142905
2024-01-18,2445,2495,2445,2495,2084,0.008080808080808133
2024-01-19,2490,2585,2480,2495,31015,0.0
2024-01-22,2475,2635,2475,2495,8290,0.0
2024-01-23,2485,2550,2485,2485,6766,-0.004008016032064132
2024-01-24,2485,2530,2440,2455,48957,-0.012072434607645843
2024-01-25,2465,2500,2405,2460,27434,0.0020366598778003286
2024-01-26,2460,2545,2455,2485,32776,0.010162601626016343
2024-01-29,2475,2550,2440,2500,62041,0.006036217303822866
2024-01-30,2490,2520,2480,2500,12131,0.0
2024-01-31,2495,2535,2485,2515,8151,0.006000000000000005
2024-02-01,2510,2625,2495,2615,37028,0.03976143141153088
2024-02-02,2605,2685,2530,2670,26785,0.021032504780114758
2024-02-05,2690,2745,2635,2705,21769,0.013108614232209659
2024-02-06,2705,2730,2635,2695,16079,-0.003696857670979714
2024-02-07,2690,2745,2580,2730,18070,0.01298701298701288
2024-02-08,2735,2765,2630,2760,23081,0.01098901098901095
2024-02-13,2760,2770,2710,2765,10023,0.0018115942028984477
2024-02-14,2750,2770,2730,2770,4277,0.001808318264014508
2024-02-15,2770,2770,2660,2755,18106,-0.005415162454873612
2024-02-16,2760,2785,2720,2785,20637,0.010889292196007316
2024-02-19,2780,2815,2765,2810,22874,0.008976660682226134
2024-02-20,2820,2820,2755,2770,13797,-0.014234875444839812
2024-02-21,2775,2790,2725,2755,5434,-0.005415162454873612
2024-02-22,2765,2765,2695,2710,11766,-0.016333938294010864
2024-02-23,2710,2745,2700,2725,17097,0.005535055350553542
2024-02-26,2695,2730,2645,2690,25384,-0.012844036697247652
2024-02-27,2695,2700,2675,2680,4347,-0.0037174721189591198
2024-02-28,2675,2780,2650,2730,29354,0.018656716417910557
2024-02-29,2720,2795,2715,2740,41937,0.00366300366300365
2024-03-04,2730,2795,2715,2760,8339,0.007299270072992803
2024-03-05,2750,2795,2725,2735,4725,-0.009057971014492794
2024-03-06,2725,2775,2670,2690,35584,-0.01645338208409508
2024-03-07,2695,2695,2660,2680,7658,-0.0037174721189591198
2024-03-08,2685,2685,2640,2650,8770,-0.011194029850746245
2024-03-11,2650,2650,2600,2645,18978,-0.0018867924528301883
2024-03-12,2650,2760,2650,2730,64048,0.032136105860113506
2024-03-13,2725,2780,2710,2780,26986,0.01831501831501825
2024-03-14,2770,2805,2730,2800,21266,0.007194244604316502
2024-03-15,2795,2900,2760,2815,40326,0.005357142857142838
2024-03-18,2815,2860,2750,2770,16770,-0.01598579040852577
2024-03-19,2775,2840,2730,2795,36952,0.00902527075812265
2024-03-20,2780,2835,2770,2825,27356,0.01073345259391778
2024-03-21,2805,2895,2805,2845,31295,0.0070796460176991705
2024-03-22,2840,2890,2805,2835,15146,-0.0035149384885764245
2024-03-25,2840,2845,2785,2805,17022,-0.010582010582010581
2024-03-26,2810,2845,2750,2795,13023,-0.0035650623885917776
2024-03-27,2795,2800,2760,2795,5831,0.0
2024-03-28,2795,2840,2760,2805,12071,0.003577817531305927
2024-03-29,2800,2880,2755,2780,32997,-0.0089126559714795
2024-04-01,2785,2795,2755,2780,7476,0.0
2024-04-02,2780,2780,2745,2760,9637,-0.007194244604316502
2024-04-03,2765,2765,2685,2725,17042,-0.0126811594202898
2024-04-04,2730,2755,2690,2720,21477,-0.0018348623853210455
2024-04-05,2710,2775,2675,2740,18110,0.007352941176470562
2024-04-08,2725,2740,2695,2730,8585,-0.0036496350364964014
2024-04-09,2730,2765,2710,2740,5665,0.00366300366300365
2024-04-11,2705,2740,2680,2740,10109,0.0
2024-04-12,2715,2790,2700,2740,10957,0.0
2024-04-15,2725,2795,2700,2740,9050,0.0
2024-04-16,2735,2735,2715,2720,1547,-0.007299270072992692
2024-04-17,2725,2740,2705,2725,3423,0.0018382352941177516
2024-04-18,2725,2765,2690,2765,4618,0.014678899082568808
2024-04-19,2765,2790,2695,2745,12835,-0.007233273056057921
2024-04-22,2740,2790,2730,2780,13114,0.012750455373406133
2024-04-23,2780,2870,2760,2780,8283,0.0
2024-04-24,2820,2820,2780,2790,4166,0.003597122302158251
2024-04-25,2790,2810,2770,2805,6395,0.005376344086021501
2024-04-26,2800,2865,2800,2805,12644,0.0
2024-04-29,2810,2865,2805,2845,19290,0.01426024955436711
2024-04-30,2840,2875,2820,2835,12953,-0.0035149384885764245
2024-05-02,2840,2855,2820,2850,8596,0.005291005291005346
2024-05-03,2850,2855,2830,2840,2636,-0.0035087719298245723
2024-05-07,2845,2865,2820,2845,7320,0.0017605633802817433
2024-05-08,2845,2880,2840,2865,21910,0.007029876977152849
2024-05-09,2870,2870,2845,2865,7669,0.0
2024-05-10,2865,2915,2865,2895,15440,0.010471204188481575
2024-05-13,2895,2905,2890,2900,5259,0.0017271157167531026
2024-05-14,2895,2905,2895,2905,6433,0.0017241379310344307
2024-05-16,2910,2940,2905,2915,11766,0.0034423407917383297
2024-05-17,2905,2925,2870,2910,15447,-0.0017152658662092923
2024-05-20,2920,2940,2915,2935,6256,0.00859106529209619
2024-05-21,2930,2940,2915,2940,8543,0.0017035775127767216
2024-05-22,2940,2940,2920,2930,5263,-0.003401360544217691
2024-05-23,2930,2935,2890,2935,15357,0.0017064846416381396
2024-05-24,2890,2935,2885,2915,10750,-0.006814310051107331
2024-05-27,2915,2920,2875,2895,5759,-0.006861063464837058
2024-05-28,2895,2945,2895,2915,14333,0.006908462867012188
2024-05-29,2900,2900,2870,2885,14039,-0.010291595197255532
2024-05-30,2880,2895,2860,2885,5728,0.0
2024-05-31,2885,2905,2855,2890,4911,0.0017331022530329143
2024-06-03,2875,2900,2875,2885,5119,-0.0017301038062284002
2024-06-04,2890,2900,2875,2895,4258,0.0034662045060658286
2024-06-05,2900,2900,2875,2890,5394,-0.0017271157167529916
2024-06-07,2890,2895,2875,2895,2876,0.0017301038062282892
2024-06-10,2890,2945,2860,2885,11647,-0.003454231433506094
2024-06-11,2890,2910,2865,2890,9048,0.0017331022530329143
2024-06-12,2895,2895,2870,2890,4912,0.0
2024-06-13,2890,2910,2850,2885,23327,-0.0017301038062284002
2024-06-14,2885,2935,2870,2895,18622,0.0034662045060658286
2024-06-17,2895,2895,2860,2880,6343,-0.005181347150259086
2024-06-18,2875,2885,2850,2885,12366,0.0017361111111111605
2024-06-19,2890,2890,2855,2890,10184,0.0017331022530329143
2024-06-20,2890,3010,2880,2935,57289,0.015570934256055269
2024-06-21,2930,2960,2895,2940,9686,0.0017035775127767216
2024-06-24,2945,2960,2895,2940,18853,0.0
2024-06-25,2935,2970,2900,2965,17115,0.008503401360544283
2024-06-26,2960,2975,2850,2960,14917,-0.001686340640809414
2024-06-27,2960,2960,2915,2945,2378,-0.0050675675675675436
2024-06-28,2940,2985,2940,2975,3755,0.01018675721561979
2024-07-01,2975,3010,2925,2975,13139,0.0
2024-07-02,2965,2965,2935,2965,8363,-0.003361344537815114
2024-07-03,2970,2975,2935,2975,11885,0.003372681281618828
2024-07-04,2975,3010,2950,2980,24785,0.001680672268907557
2024-07-05,2985,3000,2970,2985,5218,0.001677852348993314
2024-07-08,2990,3010,2960,2985,10072,0.0
2024-07-09,2985,3040,2960,2970,14235,-0.005025125628140725
2024-07-10,2980,3025,2945,2995,10498,0.008417508417508435
2024-07-11,3000,3050,3000,3040,30098,0.015025041736226985
2024-07-12,3035,3085,3005,3030,20747,-0.003289473684210509
2024-07-15,3030,3080,3030,3075,11901,0.014851485148514865
2024-07-16,3075,3120,3070,3095,10452,0.006504065040650486
2024-07-17,3100,3125,3060,3095,7998,0.0
2024-07-18,3100,3100,3000,3080,18245,-0.004846526655896577
2024-07-19,3080,3085,3030,3055,6113,-0.008116883116883078
2024-07-22,3050,3100,3010,3045,17671,-0.00327332242225864
2024-07-23,3065,3065,3025,3060,13806,0.0049261083743843415
2024-07-24,3065,3070,3020,3060,6535,0.0
2024-07-25,3055,3065,3000,3020,11415,-0.013071895424836555
2024-07-26,3025,3065,3020,3045,15258,0.008278145695364225
2024-07-29,3050,3085,3030,3070,6639,0.008210180623973828
2024-07-30,3075,3080,3045,3070,7188,0.0
2024-07-31,3065,3080,3055,3075,6991,0.0016286644951140072
2024-08-01,3080,3130,3080,3125,21074,0.016260162601626105
2024-08-02,3115,3120,3015,3050,56268,-0.02400000000000002
2024-08-05,3030,3030,2815,2910,32322,-0.04590163934426228
2024-08-06,2920,3025,2920,2970,26253,0.020618556701030855
2024-08-07,2975,3030,2965,3020,12402,0.01683501683501687
2024-08-08,3020,3045,2945,3045,23348,0.008278145695364225
2024-08-09,3050,3105,3025,3065,33008,0.006568144499178974
2024-08-12,3070,3100,3040,3065,33726,0.0
2024-08-13,3070,3090,3040,3090,21456,0.00815660685154973
2024-08-14,3090,3105,3045,3085,21622,-0.0016181229773463146
2024-08-16,3090,3100,3020,3060,9860,-0.008103727714748765
2024-08-19,3065,3090,3040,3090,7011,0.009803921568627416
2024-08-20,3095,3120,3070,3115,10813,0.008090614886731462
2024-08-21,3110,3140,3080,3130,10208,0.0048154093097914075
2024-08-22,3130,3135,3090,3120,1729,-0.0031948881789137795
2024-08-23,3115,3155,3080,3150,25664,0.009615384615384581
2024-08-26,3150,3180,3140,3175,6742,0.007936507936507908
2024-08-27,3180,3180,3095,3170,9234,-0.0015748031496063408
2024-08-28,3180,3180,3105,3105,6337,-0.02050473186119872
2024-08-29,3105,3150,3080,3100,5966,-0.0016103059581320522
2024-08-30,3105,3130,3055,3095,26730,-0.001612903225806428
2024-09-02,3090,3090,3035,3065,27873,-0.009693053311793265
2024-09-03,3065,3095,3040,3065,21486,0.0
2024-09-04,3065,3095,3020,3020,9350,-0.014681892332789603
2024-09-05,3030,3055,2965,2995,17728,-0.008278145695364225
2024-09-06,3005,3005,2880,2950,169861,-0.015025041736227096
2024-09-09,2920,2930,2845,2930,161882,-0.006779661016949157
2024-09-10,2920,2930,2840,2865,135061,-0.022184300341296925
2024-09-11,2865,2915,2795,2795,87582,-0.024432809773123898
2024-09-12,2810,2845,2775,2840,59308,0.01610017889087656
2024-09-13,2840,2940,2815,2910,28332,0.02464788732394374
2024-09-19,2915,2930,2890,2915,16062,0.0017182130584192379
2024-09-20,2920,2940,2875,2910,75855,-0.0017152658662092923
2024-09-23,2910,2910,2865,2905,33897,-0.0017182130584192379
2024-09-24,2900,2910,2885,2895,11155,-0.0034423407917383297
2024-09-25,2900,2900,2850,2855,21022,-0.013816925734024155
2024-09-26,2885,2930,2845,2905,25448,0.017513134851138368
2024-09-27,2905,2930,2890,2925,47981,0.0068846815834766595
2024-09-30,2925,2925,2900,2900,6910,-0.008547008547008517
2024-10-02,2900,2940,2860,2900,22168,0.0
2024-10-04,2895,2960,2885,2885,26136,-0.005172413793103403
2024-10-07,2885,2965,2885,2935,11739,0.017331022530329365
2024-10-08,2935,2955,2900,2905,11677,-0.010221465076660996
2024-10-10,2940,2965,2900,2920,98013,0.005163511187607606
2024-10-11,2925,2970,2905,2920,49662,0.0
2024-10-14,2925,2995,2920,2945,16652,0.008561643835616417
2024-10-15,2935,2975,2935,2970,5994,0.008488964346349714
2024-10-16,2965,2985,2950,2980,8059,0.0033670033670034627
2024-10-17,2980,2990,2935,2980,6835,0.0
2024-10-18,2985,2995,2970,2985,10936,0.001677852348993314
2024-10-21,2990,3030,2970,2980,10887,-0.0016750418760469454
2024-10-22,2980,2995,2925,2970,19595,-0.003355704697986628
2024-10-23,2970,2975,2955,2975,15236,0.0016835016835017313
2024-10-24,2980,2980,2930,2940,6713,-0.0117647058823529
2024-10-25,2940,3005,2940,2970,40429,0.010204081632652962
2024-10-28,2970,2995,2920,2960,15734,-0.0033670033670033517
2024-10-29,2965,2990,2925,2970,48088,0.0033783783783782884
2024-10-30,2970,2970,2930,2935,29084,-0.011784511784511786
2024-10-31,2940,2950,2895,2930,35909,-0.0017035775127768327
2024-11-01,2930,2960,2890,2920,10069,-0.0034129692832765013
2024-11-04,2920,2990,2905,2930,32301,0.003424657534246478
2024-11-05,2935,2960,2920,2950,14766,0.006825938566553003
2024-11-06,2955,2955,2930,2955,12695,0.0016949152542373724
2024-11-07,2960,2960,2920,2945,11459,-0.0033840947546531774
2024-11-08,2950,2960,2930,2940,16403,-0.001697792869269965
2024-11-11,2920,2945,2905,2905,15193,-0.011904761904761862
2024-11-12,2910,2920,2825,2870,40756,-0.012048192771084376
2024-11-13,2875,2895,2805,2855,12403,-0.005226480836236891
2024-11-14,2860,2860,2800,2850,18938,-0.0017513134851138146
2024-11-15,2850,2890,2840,2860,9266,0.0035087719298245723
2024-11-18,2860,2875,2700,2865,24007,0.0017482517482516613
2024-11-19,2860,2865,2825,2850,10177,-0.005235602094240788
2024-11-20,2855,2905,2850,2875,14201,0.00877192982456143
2024-11-21,2880,2940,2880,2920,9593,0.01565217391304352
2024-11-22,2920,2940,2915,2920,2387,0.0
2024-11-25,2920,2940,2895,2930,10986,0.003424657534246478
2024-11-26,2935,2940,2900,2920,2890,-0.0034129692832765013
2024-11-27,2925,2940,2900,2935,7214,0.005136986301369939
2024-11-28,2940,2950,2925,2935,4239,0.0
2024-11-29,2935,2935,2900,2925,4302,-0.0034071550255536653
2024-12-02,2925,2935,2880,2900,14735,-0.008547008547008517
2024-12-03,2925,2965,2900,2965,24287,0.022413793103448265
2024-12-04,2960,2975,2905,2950,20566,-0.005059021922428353
2024-12-05,2955,2970,2840,2920,13973,-0.01016949152542368
2024-12-06,2910,2920,2850,2880,22450,-0.013698630136986356
2024-12-09,2810,2885,2740,2775,31554,-0.03645833333333337
2024-12-10,2780,2855,2775,2850,11111,0.027027027027026973
2024-12-11,2855,2935,2845,2935,8078,0.029824561403508865
2024-12-12,2965,2995,2900,2950,22953,0.005110732538330387
2024-12-13,2945,2955,2920,2925,11918,-0.008474576271186418
2024-12-16,2940,2985,2920,2950,11191,0.008547008547008517
2024-12-17,2955,2965,2915,2915,13621,-0.011864406779661052
2024-12-18,2940,2980,2875,2945,7560,0.010291595197255532
2024-12-19,2940,2940,2895,2920,17191,-0.008488964346349714
2024-12-20,2925,2925,2885,2905,7317,-0.005136986301369828
2024-12-23,2910,2920,2895,2910,14836,0.001721170395869276
2024-12-24,2905,2920,2900,2915,10878,0.0017182130584192379
2024-12-26,2925,2935,2910,2915,59697,0.0
2024-12-27,2880,2895,2860,2895,22839,-0.006861063464837058
2024-12-30,2890,2895,2855,2880,3049,-0.005181347150259086
2025-01-02,2855,2920,2840,2875,73649,-0.0017361111111111605
2025-01-03,2875,2915,2845,2850,89719,-0.008695652173912993
2025-01-06,2850,2880,2810,2840,86169,-0.0035087719298245723
2025-01-07,2840,2865,2830,2835,21511,-0.0017605633802817433
2025-01-08,2840,2840,2820,2835,5310,0.0
2025-01-09,2845,2850,2830,2840,11852,0.0017636684303350414
2025-01-10,2835,2845,2825,2830,2749,-0.0035211267605633756
2025-01-13,2830,2845,2825,2840,8883,0.0035335689045936647
2025-01-14,2845,2850,2835,2845,2803,0.0017605633802817433
2025-01-15,2880,2915,2825,2830,3223,-0.005272407732864637
2025-01-16,2835,2860,2800,2810,63233,-0.007067137809187329
2025-01-17,2810,2835,2810,2835,2998,0.008896797153024938
2025-01-20,2840,2850,2840,2850,2876,0.005291005291005346
2025-01-21,2855,2870,2845,2865,4306,0.0052631578947368585
2025-01-22,2865,2875,2845,2865,15572,0.0
2025-01-23,2865,2870,2855,2860,7591,-0.0017452006980802626
2025-01-24,2870,2875,2840,2870,9250,0.0034965034965035446
2025-01-31,2875,2880,2860,2880,7222,0.0034843205574912606
2025-02-03,2875,2885,2855,2860,4134,-0.00694444444444442
2025-02-04,2855,2905,2855,2885,3627,0.00874125874125875
2025-02-05,2890,2895,2865,2885,7339,0.0
2025-02-06,2890,2895,2865,2885,5353,0.0
2025-02-07,2890,2895,2880,2890,6012,0.0017331022530329143
2025-02-10,2890,2940,2875,2885,5447,-0.0017301038062284002
2025-02-11,2885,2885,2860,2885,35538,0.0
2025-02-12,2885,2900,2880,2900,6826,0.005199306759098743
2025-02-13,2900,2905,2890,2900,5800,0.0
2025-02-14,2895,2910,2890,2905,4750,0.0017241379310344307
2025-02-17,2905,2915,2900,2915,3800,0.0034423407917383297
2025-02-18,2920,2920,2890,2920,13764,0.0017152658662091813
2025-02-19,2920,2945,2905,2925,17286,0.001712328767123239
2025-02-20,2945,2945,2910,2920,24923,-0.0017094017094017033
2025-02-21,2945,2945,2920,2930,1540,0.003424657534246478
2025-02-24,2935,2940,2920,2935,4410,0.0017064846416381396
2025-02-25,2945,2945,2910,2935,18119,0.0
2025-02-26,2900,2940,2900,2935,12109,0.0
2025-02-27,2940,2940,2890,2905,31887,-0.010221465076660996
2025-02-28,2910,2910,2865,2880,14499,-0.008605851979345935
2025-03-04,2885,2900,2865,2885,10797,0.0017361111111111605
2025-03-05,2890,2895,2875,2885,5639,0.0
2025-03-06,2890,2930,2860,2900,13623,0.005199306759098743
2025-03-07,2965,3030,2945,3020,119480,0.04137931034482767
2025-03-10,3050,3065,2990,3030,70274,0.0033112582781456013
2025-03-11,3035,3080,3005,3030,35591,0.0
2025-03-12,3060,3060,3015,3050,30014,0.0066006600660066805
2025-03-13,3055,3070,3030,3045,30723,-0.0016393442622950616
2025-03-14,3050,3065,3015,3040,37998,-0.0016420361247947435
2025-03-17,3045,3050,3005,3045,9736,0.00164473684210531
2025-03-18,3065,3065,3030,3045,72010,0.0
2025-03-19,3050,3095,3030,3070,50627,0.008210180623973828
2025-03-20,3075,3075,3050,3060,16330,-0.0032573289902280145
2025-03-21,3060,3070,3040,3060,46814,0.0
2025-03-24,3060,3060,3027,3040,80276,-0.006535947712418277
2025-03-25,3040,3060,3035,3050,96919,0.00328947368421062
2025-03-26,3050,3065,3035,3050,115466,0.0
2025-03-27,3050,3065,3035,3045,208857,-0.0016393442622950616
2025-03-28,2780,2880,2780,2835,111291,-0.06896551724137934
2025-03-31,2805,2820,2800,2800,33360,-0.012345679012345734
2025-04-01,2805,2835,2795,2825,32373,0.008928571428571397
2025-04-02,2845,2845,2800,2825,12938,0.0
2025-04-03,2825,2825,2785,2785,25959,-0.01415929203539823
2025-04-04,2785,2815,2780,2800,8257,0.0053859964093356805
2025-04-07,2800,2800,2715,2750,23383,-0.017857142857142905
2025-04-08,2800,2800,2710,2745,21168,-0.0018181818181818299
2025-04-09,2740,2745,2710,2720,11316,-0.00910746812386154
2025-04-10,2750,2780,2725,2745,38054,0.009191176470588314
2025-04-11,2750,2760,2720,2760,8071,0.005464480874316946
2025-04-14,2780,2800,2765,2790,15820,0.010869565217391353
2025-04-15,2800,2830,2790,2830,12081,0.014336917562723928
2025-04-16,2835,2835,2815,2825,14423,-0.0017667844522968323
2025-04-17,2835,2850,2815,2850,19879,0.008849557522123908
2025-04-18,2850,2880,2845,2880,9780,0.010526315789473717
2025-04-21,2885,2920,2855,2905,45799,0.00868055555555558
2025-04-22,2910,3000,2890,2940,48296,0.012048192771084265
2025-04-23,2915,2960,2915,2950,16314,0.00340136054421758
2025-04-24,2940,2985,2940,2945,30133,-0.0016949152542372614
2025-04-25,2945,2970,2945,2960,35117,0.005093378607809784
2025-04-28,2960,2995,2950,2995,38243,0.011824324324324342
2025-04-29,2995,3040,2995,3035,27159,0.013355592654423987
2025-04-30,3040,3070,3035,3060,71861,0.008237232289950658
2025-05-02,3060,3060,2870,3060,74592,0.0
2025-05-07,3050,3070,3050,3065,41446,0.0016339869281045694
2025-05-08,3070,3080,3045,3070,52401,0.0016313213703098572
2025-05-09,3080,3090,3050,3080,18632,0.0032573289902280145
2025-05-12,3095,3160,3080,3160,84710,0.025974025974025983
2025-05-13,3165,3170,3135,3170,29624,0.0031645569620253333
2025-05-14,3180,3255,3180,3245,62768,0.023659305993690927
2025-05-15,3240,3240,3145,3190,147422,-0.016949152542372836
2025-05-16,3185,3185,3115,3145,92903,-0.014106583072100332
2025-05-19,3150,3170,2900,3080,51303,-0.020667726550079535
2025-05-20,3085,3175,3085,3135,37079,0.017857142857142794
2025-05-21,3140,3185,3130,3130,32767,-0.0015948963317384823
2025-05-22,3140,3185,3110,3150,35803,0.006389776357827559
2025-05-23,3150,3190,3100,3165,63307,0.004761904761904745
2025-05-26,3165,3165,3145,3150,9067,-0.004739336492891044
2025-05-27,3160,3160,3000,3115,30496,-0.011111111111111072
2025-05-28,3120,3190,3115,3175,32017,0.019261637239165408
2025-05-29,3200,3390,3180,3380,88384,0.0645669291338582
2025-05-30,3400,3400,3320,3340,34057,-0.011834319526627168
2025-06-02,3310,3395,3275,3315,210378,-0.007485029940119792
2025-06-04,3325,3445,3325,3435,66335,0.03619909502262453
2025-06-05,3435,3435,3380,3415,21836,-0.005822416302765698
2025-06-09,3430,3590,3425,3520,76668,0.030746705710102518
2025-06-10,3530,3550,3480,3510,24036,-0.0028409090909090606
2025-06-11,3545,3570,3465,3555,41545,0.012820512820512775
2025-06-12,3580,3740,3580,3665,73423,0.030942334739803012
2025-06-13,3670,3730,3590,3610,40495,-0.01500682128240105
2025-06-16,3555,3710,3555,3690,64578,0.02216066481994461
2025-06-17,3710,3855,3705,3750,84102,0.016260162601626105
2025-06-18,3750,3810,3695,3740,27978,-0.002666666666666706
2025-06-19,3745,3800,3650,3710,20873,-0.008021390374331583
2025-06-20,3715,3740,3660,3690,20986,-0.005390835579514808
2025-06-23,3685,3685,3570,3665,53520,-0.006775067750677488
2025-06-24,3710,3800,3710,3775,29093,0.0300136425648021
2025-06-25,3790,3805,3740,3790,46329,0.003973509933774766
2025-06-26,3790,3790,3710,3755,45764,-0.00923482849604218
2025-06-27,3750,3775,3515,3725,40810,-0.007989347536617841
2025-06-30,3700,3750,3660,3725,48170,0.0
2025-07-01,3720,3840,3700,3750,82065,0.006711409395973256
2025-07-02,3755,3755,3695,3750,36194,0.0
2025-07-03,3755,3755,3720,3730,12622,-0.005333333333333301
2025-07-04,3730,3745,3650,3650,52909,-0.02144772117962468
2025-07-07,3655,3660,3635,3660,17970,0.00273972602739736
2025-07-08,3660,3875,3660,3870,100517,0.05737704918032782
2025-07-09,3955,4100,3920,4100,96963,0.05943152454780365
2025-07-10,4090,4210,4050,4160,70084,0.014634146341463428
2025-07-11,4180,4285,4180,4235,70420,0.018028846153846256
2025-07-14,4245,4300,4200,4295,44286,0.01416765053128688
2025-07-15,4315,4320,4240,4270,42120,-0.005820721769499437
2025-07-16,4275,4275,4055,4080,81483,-0.04449648711943799
2025-07-17,4080,4190,4035,4075,42414,-0.001225490196078427
2025-07-18,4075,4075,3730,3970,119553,-0.025766871165644134
2025-07-21,3970,3975,3905,3970,12898,0.0
2025-07-22,3990,4025,3850,3880,39406,-0.02267002518891692
2025-07-23,3885,3885,3770,3845,34591,-0.009020618556700999
2025-07-24,3850,3880,3730,3770,23535,-0.01950585175552666
2025-07-25,3765,3805,3740,3785,24953,0.003978779840848823
2025-07-28,3790,3790,3595,3595,45161,-0.05019815059445176
2025-07-29,3600,3650,3560,3615,14027,0.0055632823365785455
2025-07-30,3620,3630,3580,3600,19384,-0.004149377593360981
2025-07-31,3620,3770,3585,3610,16413,0.002777777777777768
2025-08-01,3610,3610,3410,3465,64270,-0.040166204986149534
2025-08-04,3460,3625,3405,3550,55268,0.024531024531024626
2025-08-05,3560,3690,3560,3605,28845,0.015492957746478853
2025-08-06,3605,3645,3570,3630,19785,0.006934812760055475
2025-08-07,3645,3705,3590,3630,28431,0.0
2025-08-08,3630,3720,3580,3585,37890,-0.012396694214875992
2025-08-11,3570,3660,3505,3590,28894,0.001394700139470073
2025-08-12,3595,3695,3595,3645,42787,0.01532033426183843
2025-08-13,3650,3720,3605,3635,61933,-0.002743484224965731
2025-08-14,3640,3685,3585,3600,48259,-0.009628610729023435
2025-08-18,3600,3670,3540,3550,42285,-0.01388888888888884
2025-08-19,3555,3600,3520,3540,27537,-0.0028169014084507005
2025-08-20,3500,3560,3440,3515,47275,-0.007062146892655385
2025-08-21,3520,3575,3470,3510,27479,-0.0014224751066855834
2025-08-22,3515,3600,3450,3495,42605,-0.004273504273504258
2025-08-25,3500,3620,3500,3550,48331,0.01573676680972813
2025-08-26,3555,3555,3490,3510,15675,-0.011267605633802802
2025-08-27,3515,3520,3450,3490,12618,-0.005698005698005715
2025-08-28,3495,3650,3465,3575,42446,0.024355300859598916
2025-08-29,3580,3645,3520,3520,13006,-0.01538461538461533
2025-09-01,3515,3660,3460,3475,18888,-0.01278409090909094
2025-09-02,3480,3575,3460,3465,49158,-0.0028776978417266452
2025-09-03,3470,3650,3450,3470,13180,0.0014430014430013571
2025-09-04,3470,3530,3460,3495,15425,0.007204610951008661
2025-09-05,3500,3630,3490,3490,11265,-0.0014306151645206988
2025-09-08,3485,3600,3485,3500,40271,0.002865329512893977
2025-09-09,3510,3610,3500,3600,34168,0.02857142857142847
2025-09-10,3620,3700,3620,3690,78029,0.02499999999999991
2025-09-11,3695,3750,3655,3715,39964,0.006775067750677488
2025-09-12,3725,3765,3720,3750,27683,0.009421265141319024
2025-09-15,3760,3875,3760,3840,37463,0.02400000000000002
2025-09-16,3850,3860,3790,3810,41396,-0.0078125
2025-09-17,3805,3805,3695,3720,34306,-0.023622047244094446
2025-09-18,3725,3785,3710,3780,28118,0.016129032258064502
2025-09-19,3780,3815,3730,3775,17559,-0.001322751322751281
2025-09-22,3780,3795,3745,3780,28890,0.0013245033112583293
2025-09-23,3780,3790,3695,3695,48629,-0.022486772486772444
2025-09-24,3700,3700,3620,3665,45314,-0.008119079837618393
2025-09-25,3650,3660,3600,3620,54645,-0.012278308321964526
2025-09-26,3620,3650,3590,3610,66665,-0.002762430939226568
2025-09-29,3615,3750,3615,3710,63937,0.027700831024930705
2025-09-30,3725,3805,3655,3705,83556,-0.0013477088948786742
2025-10-01,3775,3775,3645,3655,25460,-0.013495276653171406
2025-10-02,3665,3705,3655,3685,53338,0.008207934336525335
2025-10-10,3685,3735,3665,3710,100151,0.006784260515603879
2025-10-13,3695,3695,3600,3650,62732,-0.016172506738544423
2025-10-14,3655,3675,3600,3635,50458,-0.004109589041095929
2025-10-15,3640,3690,3620,3690,63626,0.015130674002751032
2025-10-16,3705,3770,3695,3720,77745,0.008130081300812941
2025-10-17,3770,3775,3660,3670,97901,-0.013440860215053752
2025-10-20,3670,3775,3635,3775,207249,0.028610354223433276
2025-10-21,3825,3825,3680,3685,143609,-0.02384105960264904
2025-10-22,3685,3685,3625,3680,142001,-0.0013568521031207537
2025-10-23,3680,3680,3595,3640,117600,-0.010869565217391353
2025-10-24,3700,3700,3650,3670,49754,0.008241758241758212
2025-10-27,3690,3760,3680,3715,178372,0.012261580381471404
2025-10-28,3715,3775,3690,3700,84604,-0.004037685060565233
2025-10-29,3710,3760,3675,3735,76476,0.009459459459459474
2025-10-30,3740,3815,3740,3775,83236,0.010709504685408211
2025-10-31,3775,3880,3770,3835,65302,0.015894039735099286
2025-11-03,3835,3900,3800,3860,41997,0.006518904823989535
2025-11-04,3860,3860,3730,3740,34558,-0.031088082901554404
2025-11-05,3740,3740,3595,3710,68896,-0.008021390374331583
2025-11-06,3715,3825,3685,3795,37655,0.022911051212938016
2025-11-07,3795,3840,3665,3725,43576,-0.01844532279314892
2025-11-10,3735,3895,3735,3885,60917,0.04295302013422808
2025-11-11,3860,3910,3810,3845,34787,-0.01029601029601035
2025-11-12,3895,3975,3840,3960,64876,0.02990897269180759
2025-11-13,3965,4000,3910,3950,24835,-0.002525252525252486
2025-11-14,3930,3930,3845,3850,40411,-0.025316455696202556
2025-11-17,3880,3880,3825,3840,22653,-0.0025974025974025983
2025-11-18,3840,3840,3700,3745,49307,-0.02473958333333337
2025-11-19,3800,3800,3695,3775,38301,0.008010680907877266
2025-11-20,3780,3845,3780,3835,12067,0.015894039735099286
2025-11-21,3755,3785,3730,3765,20107,-0.018252933507170832
2025-11-24,3780,3800,3730,3770,21198,0.0013280212483399723
2025-11-25,3790,3825,3725,3745,23421,-0.006631299734747964
2025-11-26,3750,3810,3750,3810,11915,0.01735647530040052
2025-11-27,3815,3825,3770,3795,10985,-0.003937007874015741
2025-11-28,3800,3800,3765,3795,14418,0.0
2025-12-01,3835,3835,3760,3790,16907,-0.0013175230566534468
2025-12-02,3795,3830,3775,3815,25588,0.006596306068601621
2025-12-03,3815,3860,3795,3850,19273,0.00917431192660545
2025-12-04,3855,3860,3810,3820,13025,-0.007792207792207795
2025-12-05,3875,3875,3795,3845,17675,0.00654450261780104
2025-12-08,3850,3850,3790,3820,15611,-0.006501950585175553
2025-12-09,3795,3815,3780,3800,4922,-0.005235602094240788
2025-12-10,3805,3805,3755,3770,9846,-0.007894736842105288
2025-12-11,3775,3840,3775,3800,8767,0.007957559681697646
2025-12-12,3810,3890,3780,3865,28861,0.017105263157894735
2025-12-15,3825,3835,3790,3820,14512,-0.011642949547218673
2025-12-16,3825,3825,3760,3760,21832,-0.015706806282722474
2025-12-17,3765,3797,3755,3790,13208,0.007978723404255428
2025-12-18,3795,3795,3745,3785,12957,-0.0013192612137202797
2025-12-19,3790,3805,3770,3805,16180,0.005284015852047519
2025-12-22,3810,3840,3790,3820,15682,0.003942181340341744
2025-12-23,3835,3870,3815,3825,28249,0.0013089005235602524
2025-12-24,3845,3845,3815,3820,10904,-0.0013071895424836555
2025-12-26,3835,3835,3790,3810,22363,-0.002617801047120394
2025-12-29,3810,3810,3745,3760,15411,-0.013123359580052507
2025-12-30,3760,3760,3730,3745,28367,-0.003989361702127714
2026-01-02,3750,3800,3725,3745,12528,0.0
2026-01-05,3750,3770,3725,3745,35050,0.0
2026-01-06,3755,3865,3745,3860,58926,0.030707610146862407
2026-01-07,3860,3885,3795,3805,51693,-0.014248704663212486
2026-01-08,3810,3810,3750,3750,27423,-0.014454664914586024
2026-01-09,3755,3760,3735,3760,18111,0.002666666666666595
2026-01-12,3780,3805,3740,3760,53945,0.0
2026-01-13,3765,3795,3765,3795,15212,0.009308510638297962
2026-01-14,3815,3860,3780,3835,17554,0.010540184453228019
2026-01-15,3840,3890,3840,3875,19355,0.010430247718383301
2026-01-16,3870,3910,3870,3905,38286,0.007741935483871032
2026-01-19,3900,3935,3880,3900,28092,-0.001280409731113985
2026-01-20,3900,3970,3860,3925,54688,0.0064102564102563875
2026-01-21,3920,3925,3870,3905,29753,-0.005095541401273884
2026-01-22,3905,3995,3885,3890,24565,-0.003841229193341844
2026-01-23,3895,4035,3895,4020,75667,0.033419023136246784
2026-01-26,4020,4115,4020,4060,57405,0.00995024875621886
2026-01-27,4050,4100,4025,4090,36536,0.00738916256157629
2026-01-28,4105,4165,4080,4110,57050,0.004889975550122161
2026-01-29,4110,4370,4065,4320,152021,0.051094890510948954
2026-01-30,4315,4395,4250,4345,98494,0.0057870370370369795
2026-02-02,4345,4345,4085,4120,58746,-0.05178365937859608
2026-02-03,4145,4330,4145,4290,49806,0.04126213592233019
2026-02-04,4290,4340,4250,4325,58967,0.008158508158508049
2026-02-05,4270,4350,4235,4275,78759,-0.011560693641618491
2026-02-06,4235,4295,4090,4235,68601,-0.009356725146198785
2026-02-09,4290,4380,4275,4310,50439,0.017709563164108655
2026-02-10,4320,4405,4285,4390,53128,0.018561484918793614
2026-02-11,4405,4455,4370,4435,23292,0.010250569476081939
2026-02-12,4465,4525,4450,4505,47525,0.015783540022547893
2026-02-13,4570,4850,4570,4730,236539,0.049944506104328434
2026-02-19,5000,5260,4980,5220,293968,0.10359408033826645
2026-02-20,5540,5540,5090,5170,97694,-0.009578544061302652
2026-02-23,5230,5290,4710,4865,115574,-0.05899419729206967
2026-02-24,4875,4875,4710,4835,86414,-0.006166495375128478
2026-02-25,4865,4945,4790,4875,51509,0.008273009307135482
2026-02-26,4875,5160,4785,4935,106923,0.012307692307692353
2026-02-27,4920,4920,4820,4820,41117,-0.023302938196555267
2026-03-03,4780,4780,4400,4550,126128,-0.05601659751037347
2026-03-04,4375,4415,4000,4100,113222,-0.09890109890109888
2026-03-05,4295,4545,4295,4445,134988,0.08414634146341471
2026-03-06,4390,4580,4390,4525,74799,0.017997750281214753
2026-03-09,4365,4500,4200,4320,136785,-0.045303867403314935
2026-03-10,4425,4500,4415,4450,86866,0.03009259259259256
2026-03-11,4505,4635,4460,4490,93035,0.008988764044943753
2026-03-12,4495,4540,4445,4525,75182,0.007795100222717233
2026-03-13,4510,4540,4440,4505,31498,-0.0044198895027623974
2026-03-16,4505,4555,4470,4530,27694,0.005549389567147678
2026-03-17,4570,4615,4555,4580,87259,0.011037527593819041
2026-03-18,4595,4720,4595,4695,42117,0.025109170305676942
2026-03-19,4650,4670,4585,4630,19993,-0.013844515441959526
2026-03-20,4650,4830,4650,4780,56804,0.03239740820734349
2026-03-23,4760,4760,4610,4610,121669,-0.03556485355648531
2026-03-24,4670,4710,4565,4645,46010,0.00759219088937102
2026-03-25,4630,4875,4630,4750,76507,0.022604951560817987
2026-03-26,4800,4800,4485,4610,78998,-0.02947368421052632
2026-03-27,4625,4720,4555,4705,71998,0.020607375271149753
2026-03-30,4400,4420,4245,4300,123687,-0.08607863974495222
2026-03-31,4300,4300,4090,4125,69629,-0.04069767441860461
2026-04-01,4200,4295,4200,4270,44437,0.035151515151515156
2026-04-02,4270,4280,4030,4090,85380,-0.042154566744730726
2026-04-03,4090,4145,4090,4145,19240,0.01344743276283622
2026-04-06,4075,4135,4075,4100,19332,-0.010856453558504175
2026-04-07,4115,4155,4085,4110,25082,0.0024390243902439046
2026-04-08,4135,4310,4135,4290,43443,0.04379562043795615
2026-04-09,4305,4305,4185,4210,31750,-0.018648018648018683
2026-04-10,4225,4280,4225,4275,17387,0.015439429928741033
2026-04-13,4230,4260,4185,4230,18017,-0.010526315789473717
2026-04-14,4260,4340,4260,4330,30174,0.023640661938534313
2026-04-15,4370,4400,4340,4345,26646,0.0034642032332563577
2026-04-16,4355,4390,4350,4365,21812,0.004602991944764101
2026-04-17,4365,4380,4345,4370,9585,0.001145475372279492
2026-04-20,4375,4395,4350,4385,26483,0.003432494279176135
2026-04-21,4395,4405,4360,4395,26658,0.0022805017103761926
2026-04-22,4395,4395,4350,4365,16030,-0.0068259385665528916
2026-04-23,4380,4400,4340,4400,43164,0.008018327605956443
2026-04-24,4400,4480,4400,4450,22154,0.011363636363636465
2026-04-27,4455,4595,4440,4550,46514,0.022471910112359605
2026-04-28,4555,4640,4525,4575,30555,0.005494505494505475
2026-04-29,4580,4595,4540,4550,24376,-0.005464480874316946
2026-04-30,4555,4565,4400,4455,34638,-0.020879120879120916
2026-05-04,4465,4910,4465,4700,320904,0.054994388327721744
2026-05-06,4950,5920,4760,5250,1793515,0.11702127659574457
2026-05-07,5030,5150,4810,4905,273481,-0.06571428571428573
2026-05-08,4930,5260,4800,4850,327674,-0.011213047910295648
2026-05-11,4910,5020,4750,4780,129153,-0.014432989690721598
2026-05-12,4810,4910,4335,4550,226407,-0.04811715481171552
2026-05-13,4535,4555,4375,4500,120706,-0.01098901098901095
2026-05-14,4505,4555,4430,4550,97792,0.011111111111111072
2026-05-15,4600,4710,4405,4460,152592,-0.01978021978021982
2026-05-18,4475,4500,4355,4475,100799,0.0033632286995515237
2026-05-19,4480,4490,4305,4370,58841,-0.02346368715083802
2026-05-20,4360,4375,4200,4270,85960,-0.022883295194508046
2026-05-21,4320,4495,4320,4415,51246,0.033957845433255196
2026-05-22,4420,4495,4415,4470,30645,0.01245753114382775
2026-05-26,4495,4555,4415,4435,36053,-0.007829977628635354
2026-05-27,4435,4445,4335,4365,35759,-0.015783540022547893
2026-05-28,4365,4365,4140,4295,106400,-0.016036655211912998
2026-05-29,4305,4305,4160,4215,74989,-0.01862630966239809
